text,NoRules,WithRules
fuck,10323,3524
shit,5618,3108
cock,5539,3
wtf,5472,2192
fat,4362,39
love,3921,2188
yeah,3213,1925
fucking,3115,1410
ass,2937,1042
damn,2318,2159
hell,2197,1327
gay,1515,37
like,1446,910
oh,1398,918
play,1139,345
got,1093,833
3,1031,378
hard,1006,986
bitch,986,212
lol,967,938
gon,938,418
dick,907,1017
lul,901,171
pubg,878,14
get,858,662
holy,806,851
big,779,200
real,757,459
good,756,577
dont,735,448
twitter,711,264
kill,704,579
go,690,494
see,647,434
chat,646,365
stop,643,430
give,615,114
sure,605,399
game,581,241
fucked,569,194
time,564,459
fuckin,549,255
plebs,544,67
stream,540,279
music,528,133
sex,523,251
fortnite,520,279
suck,505,285
pussy,504,109
know,478,455
balls,468,178
song,435,160
lets,435,343
going,415,347
life,415,187
eat,409,158
white,402,423
everyone,399,1148
dude,399,220
youre,391,268
hate,387,192
god,387,238
hey,382,201
thats,378,411
ur,371,134
use,370,212
trihard,368,37
dad,352,118
cant,348,271
kappa,348,51
daddy,341,94
people,339,316
mike,339,2
right,335,289
never,331,139
live,330,165
trailer,323,22
look,318,279
whats,316,285
early,311,60
watch,310,168
back,297,261
say,296,404
subs,292,87
yes,290,207
yea,286,99
still,280,177
guys,276,233
let,276,126
shitty,274,58
word,274,16
bitches,274,178
today,273,94
best,273,185
hes,269,166
please,267,82
playing,266,130
new,260,122
day,259,152
2,255,94
bro,254,214
ditto,250,2
doc,247,19
street,247,1
much,246,315
looks,235,163
need,230,172
us,230,95
start,229,390
make,225,203
guy,225,110
even,225,161
lmao,221,146
dansgame,216,37
lulw,216,34
wutface,207,16
better,205,148
would,205,213
hi,202,148
didnt,202,158
wan,202,109
aint,199,182
always,197,184
getting,196,151
1,196,91
kreygasm,194,51
pleb,194,15
think,193,188
crazy,192,204
stfu,190,89
follow,189,41
apex,186,15
really,184,171
boi,183,114
phat,182,2
gift,182,21
sup,180,55
late,178,64
already,174,159
loud,174,25
cs,172,2
said,170,194
watching,170,152
show,168,124
subscribed,166,30
xd,164,155
bad,163,155
high,162,99
first,162,175
kappapride,161,13
wow,159,66
swiftrage,158,9
talking,154,65
games,150,32
vapenation,150,1
check,149,81
kapp,148,9
nice,148,92
wit,145,100
boy,145,120
c9,144,1
mode,143,110
sound,142,55
waddup,142,10
yall,141,404
tell,141,151
streaming,140,37
viewers,139,93
mom,136,71
sucks,135,41
cunt,134,8
well,133,189
someone,133,103
yeet,133,196
ever,132,69
thank,131,164
fast,131,82
haha,129,118
biblethump,129,83
hello,129,44
turn,127,64
finally,126,50
summit,126,15
way,125,164
pls,125,21
long,124,77
feelsbadman,123,14
tweet,123,21
wait,123,119
work,122,173
last,122,149
witcher,122,3
dr,121,18
old,121,68
feel,119,120
talk,118,74
black,118,74
sick,117,62
night,117,127
mods,116,45
hear,115,124
actually,114,74
fucks,114,22
help,113,39
team,113,17
girl,113,109
money,113,78
intro,113,68
retarded,112,4
school,111,85
rock,109,21
months,109,52
keep,109,138
nobody,108,85
put,108,60
sleep,107,49
great,107,95
pretty,106,104
heard,105,54
baby,105,80
read,103,80
id,101,90
mean,101,122
gang,100,44
shut,100,59
racist,98,42
hit,98,67
4head,98,14
prime,98,67
cage,97,5
5,97,66
missed,95,147
omg,94,83
happy,93,127
friends,93,43
streamer,93,63
ready,93,84
weed,91,43
made,90,82
whos,90,91
whisper,89,25
g,88,73
free,88,40
went,88,54
omegalul,88,17
could,88,114
message,86,28
try,85,65
doesnt,85,92
kids,85,58
yesterday,84,32
wheres,84,20
anyone,84,89
r,84,42
hours,84,31
tho,84,46
ah,84,44
theyve,83,18
10,82,32
emote,82,19
isnt,82,65
4,82,63
miss,81,83
pc,81,31
dead,81,59
wont,80,48
year,80,45
little,80,184
looking,80,67
saw,79,55
boys,78,31
asshole,78,37
sexy,77,44
hair,77,139
cmonbruh,77,43
spam,77,16
saying,77,51
every,76,60
makes,76,57
bunch,76,36
happened,76,68
mr,76,6
waiting,75,44
awesome,75,94
player,75,54
around,75,40
drink,75,31
many,74,77
thing,74,109
ive,74,81
cause,73,56
plz,73,16
call,73,39
whole,73,31
stupid,73,35
soon,73,32
rp,72,5
hot,72,67
pepehands,72,2
fun,72,46
hope,71,53
listen,71,12
probably,70,49
waffle,70,1
notlikethis,70,11
immersion,70,16
bullshit,70,42
brother,69,47
jebaited,69,8
spamming,69,59
boring,68,11
p,68,96
coming,68,29
thought,67,50
head,67,72
gta,66,2
cool,66,86
win,66,75
seen,66,48
done,65,76
hype,65,63
huge,65,18
broke,65,27
wrong,65,44
tablehere,64,20
wants,64,38
buy,64,58
mic,63,39
retard,63,8
piece,63,23
house,63,35
told,63,52
bout,62,45
came,62,51
7,62,36
doin,62,38
bruh,61,52
online,61,8
something,60,72
though,60,53
bed,60,80
lasagna,60,1
weird,60,22
world,60,35
bois,60,15
happening,60,43
taking,60,39
vote,59,4
emotes,59,14
sounds,59,48
month,59,32
jesus,58,34
babyrage,58,17
days,58,34
internet,58,23
years,58,28
smoke,58,20
ban,57,14
audio,57,29
server,57,2
shes,56,246
anything,56,31
type,55,25
amazing,55,141
banned,55,12
overwatch,55,6
remember,55,40
steam,55,5
fix,55,16
trying,55,71
lit,55,44
mad,55,32
screen,54,46
shot,54,39
dumb,54,33
dope,54,46
residentsleeper,54,2
played,53,31
leave,53,27
friend,53,44
bud,53,17
ok,53,62
richard,52,1
likes,52,33
home,52,37
drive,52,27
else,52,65
ago,51,19
hek,51,1
monkas,51,18
ears,51,10
gets,51,46
everything,50,44
eyes,50,25
ads,50,25
hoes,50,29
funny,50,38
hows,50,14
says,50,53
cod,50,6
pepega,50,8
ask,50,28
nothing,50,59
anymore,50,21
lot,49,62
run,49,21
kick,49,57
starting,49,23
channel,49,30
rip,49,26
goes,49,47
wake,48,35
needs,48,50
video,48,23
forgot,48,29
tits,48,4
6,48,35
tier,47,13
100,47,42
things,47,45
half,47,18
lost,47,56
monkaw,47,10
sorry,46,65
morning,46,37
streams,46,25
started,46,54
rn,46,34
change,46,25
thanks,46,53
fine,46,32
ye,46,17
wish,45,51
using,45,37
birthday,45,46
heyguys,45,8
clap,45,166
shirt,44,83
metal,44,6
br,44,3
0,44,34
stay,44,30
pp,44,8
yet,44,53
maybe,44,38
taste,44,5
person,44,23
almost,43,47
wanted,43,42
booty,43,25
tbh,43,9
12,43,10
power,43,11
feelsgoodman,43,9
king,43,10
lil,43,29
b,43,33
curselit,43,6
quality,43,9
f,43,42
tomorrow,42,33
literally,42,28
sunday,42,4
kinda,42,33
fk,42,4
pro,42,6
pants,42,20
minutes,42,22
since,42,54
insane,42,17
butt,41,42
used,41,29
send,41,20
skin,41,55
took,41,28
kind,41,24
chill,41,16
without,41,23
left,41,30
fornite,41,4
times,41,18
clip,41,16
coffee,41,2
stuff,40,51
hour,40,34
favorite,40,74
feels,40,30
top,40,48
mobile,40,11
havent,40,53
making,40,53
girlfriend,40,17
skins,40,7
haircut,39,2
far,39,27
mouse,39,5
cuz,39,22
small,39,18
kid,39,42
room,39,38
water,38,7
kkona,38,7
dis,38,27
fattest,38,2
notice,38,10
lick,38,13
quick,38,32
btw,38,11
super,38,40
eating,38,21
mother,37,31
servers,37,21
hand,37,27
later,37,43
9,37,14
guess,37,25
x,37,32
map,37,14
red,37,33
ohhh,37,23
phone,37,27
voice,37,81
full,37,34
minecraft,37,9
youve,36,29
update,36,14
beef,36,4
handsup,36,3
week,36,88
tonight,36,83
youtube,36,32
retards,36,10
20,36,21
headset,36,16
drop,36,15
bet,36,17
sad,35,41
might,35,64
dm,35,18
ligma,35,4
8,35,21
fps,35,5
dudes,35,26
job,35,35
working,35,37
next,35,43
thicc,35,8
tired,35,35
loose,35,10
troll,35,5
duo,34,11
broken,34,7
streamers,34,26
rank,34,2
gone,34,26
open,34,13
mate,34,7
overlay,34,8
woke,34,18
another,34,32
cunts,33,1
hyped,33,26
seemsgood,33,5
pepelaugh,33,7
moist,33,3
must,33,28
break,33,32
swear,33,11
bye,33,14
chair,33,16
trash,33,32
boii,33,17
ffs,32,7
gives,32,20
lmfao,32,22
light,32,18
ppl,32,17
4k,32,4
mixer,32,2
streak,32,10
fire,32,56
coolcat,32,3
blue,32,32
jam,32,4
theres,31,41
squad,31,14
papa,31,2
louder,31,1
listening,31,10
low,31,19
penis,31,11
toxic,31,20
notification,31,23
gameplay,31,12
gave,31,23
currently,31,15
appreciate,30,8
dono,30,16
watched,30,17
beautiful,30,48
hole,30,13
knows,30,42
plays,30,17
thinking,30,23
perfect,30,19
point,30,35
hurry,30,33
alive,30,7
tried,30,19
annoying,30,18
touch,30,16
sign,30,14
fresh,30,7
died,30,21
comes,30,14
called,29,49
blackout,29,1
vod,29,2
party,29,33
mind,29,36
scared,29,36
wae,29,31
30,29,9
hahaha,29,31
true,29,32
movie,29,7
boiii,29,16
bored,29,6
sekiro,29,1
add,29,26
lem,29,5
tf,29,27
docs,29,3
okay,29,30
outta,29,29
link,29,16
gim,28,2
fuk,28,9
fake,28,16
hurt,28,19
yay,28,25
jew,28,14
moving,28,13
mouth,28,23
lazy,28,4
fly,28,12
move,28,13
luv,28,18
reddit,28,2
cute,28,46
asking,28,15
weirdchamp,28,5
fan,28,37
chicken,28,5
hilarious,28,13
skadoodle,28,1
aim,27,2
h1z1,27,2
squid4,27,3
girls,27,27
different,27,14
lose,27,31
young,27,19
bless,27,18
feeling,27,33
instead,27,16
trump,27,3
heart,27,39
legend,27,12
least,27,28
epic,27,64
bit,27,25
yah,26,16
post,26,17
card,26,5
gucci,26,2
cut,26,19
failfish,26,5
enough,26,50
close,26,32
pay,26,22
massive,26,6
youll,26,26
random,26,9
pussies,26,10
obs,26,6
cares,26,16
place,26,19
lookin,26,20
two,26,30
drunk,26,7
joke,26,18
wassup,26,13
whatever,25,11
may,25,27
titan,25,4
noob,25,15
timing,25,7
scum,25,1
dun,25,2
alright,25,5
serioussloth,25,1
actual,25,23
nuts,25,16
buddy,25,15
together,25,18
killed,25,36
poor,25,18
confirmed,25,3
boiiii,25,15
ugly,25,33
dood,24,11
optimizeprime,24,6
wouldnt,24,33
rage,24,14
discord,24,16
race,24,6
save,24,24
15,24,6
lie,24,14
gf,24,11
fam,24,14
straight,24,21
arent,24,20
wife,24,49
idiot,24,12
away,24,30
incoming,24,2
picture,24,14
garbage,24,11
hold,23,21
pewdiepie,23,5
set,23,45
meme,23,6
ear,23,5
catch,23,46
find,23,39
earlier,23,19
hail,23,1
stonelightning,23,1
looked,23,11
cry,23,26
beard,23,8
cold,23,11
dark,23,31
tv,23,10
rich,23,7
1080p,23,3
dream,23,11
cup,23,8
vr,23,1
mrdestructoid,23,12
telling,22,20
noise,22,5
noodle,22,2
less,22,17
matter,22,10
slow,22,19
enjoy,22,10
fell,22,14
creed,22,1
seeing,22,25
gg,22,23
kills,22,19
count,22,20
hurts,22,12
keyboard,22,5
class,22,27
car,22,8
women,22,28
bring,22,20
wasnt,22,28
resub,22,5
knew,22,23
xbox,22,18
widepeepohappy,22,3
block,22,2
yesssss,22,3
weeb,22,5
hella,21,18
monitor,21,10
solo,21,20
troy,21,1
happen,21,29
laggy,21,12
playlist,21,10
friday,21,8
nation,21,1
ate,21,3
aww,21,14
monster,21,14
logan,21,6
heavy,21,3
soo,21,8
schedule,21,6
gaming,21,10
ohh,21,11
50,21,13
donation,21,6
subbed,21,18
crosshair,21,2
25,20,1
glad,20,46
able,20,10
title,20,14
chats,20,11
breaking,20,13
christ,20,10
sake,20,6
tight,20,6
mins,20,5
seriously,20,15
luck,20,22
goat,20,20
nig,20,74
gifted,20,8
aids,20,3
hahahaha,20,8
bought,20,9
reveal,20,7
goin,20,18
side,20,37
heck,20,11
wet,20,6
senpai,20,11
50k,20,7
test,20,8
changing,19,6
slap,19,11
beast,19,21
proud,19,13
songs,19,11
bigger,19,4
aw,19,23
showed,19,10
huh,19,11
either,19,17
switch,19,9
africa,19,1
hook,19,3
queue,19,4
pump,19,24
timed,19,5
biggest,19,113
behind,19,35
bb,19,5
green,19,24
rekt,19,6
vohiyo,19,10
messages,19,5
fak,19,4
paul,19,8
deadpool,19,2
tourney,19,27
food,19,14
theyre,19,49
imagine,19,15
calling,19,11
join,19,11
rest,19,14
welcome,19,32
main,19,7
words,19,15
kiss,19,24
eats,18,18
porn,18,6
tfue,18,14
match,18,10
warning,18,18
gun,18,18
size,18,4
america,18,7
w,18,26
subscribe,18,11
worth,18,13
star,18,13
11,18,7
zelda,18,3
marry,18,2
dumbass,18,15
pm,18,8
eh,18,4
alert,18,2
learn,18,9
hunt,18,1
outside,18,8
goooo,18,13
duos,18,16
lan,18,1
shrooood,18,2
email,18,3
arm,18,6
setup,18,6
anyway,18,10
calm,18,10
second,18,18
system,18,30
seconds,18,6
uk,18,11
badge,18,6
comment,18,10
rap,18,6
3k,18,3
pass,18,14
kappahd,18,11
seems,17,15
believe,17,42
sucked,17,2
cmon,17,8
nose,17,4
happens,17,17
gooo,17,10
mah,17,5
click,17,11
cuck,17,5
keepo,17,2
major,17,2
camera,17,17
sodapoppin,17,6
speak,17,4
bang,17,3
smorc,17,3
simple,17,5
answer,17,12
community,17,7
turned,17,14
peepee,17,6
rain,17,2
clean,17,16
submode,17,9
10k,17,16
background,17,10
stick,17,14
graphics,17,12
sleeping,17,5
console,17,8
deadmau5,17,2
shrimp,17,1
shave,17,3
hands,17,15
starts,17,18
2k,17,5
gachibass,17,165
grow,17,12
wut,16,3
gamer,16,4
ooooooo,16,2
kicked,16,12
holly,16,7
snipers,16,23
anyways,16,2
space,16,12
dab,16,23
vs,16,3
thick,16,7
laughing,16,31
dawg,16,5
5k,16,7
story,16,25
normies,16,7
toes,16,1
donate,16,7
whad,16,1
banger,16,3
content,16,7
cigrip,16,1
homie,16,16
wide,16,1
awake,16,12
means,16,23
aye,16,10
load,16,3
wood,16,5
forsencd,16,1
gamers,16,2
problem,16,15
turkey,16,1
changed,16,21
bits,16,16
deep,16,15
gold,16,9
bo4,16,2
mum,16,6
england,16,3
supposed,16,13
hero,16,17
yeh,16,7
homo,16,12
couldnt,16,18
father,16,11
scary,16,6
24,16,7
zombie,16,2
release,16,7
dying,15,13
1k,15,3
_,15,20
updates,15,3
season,15,29
views,15,26
17,15,5
christmas,15,13
14,15,4
cheer100,15,71
settings,15,6
sent,15,28
club,15,13
number,15,8
players,15,17
doe,15,5
michael,15,3
pull,15,16
haters,15,9
normal,15,9
fucker,15,6
idk,15,15
madrid,15,2
everywhere,15,8
talkin,15,7
showing,15,2
opinion,15,5
offline,15,6
walk,15,11
sum,15,3
idea,15,22
cancer,15,34
skip,15,6
boiiiii,15,12
yoy,15,9
theory,15,5
tha,15,9
faze,15,12
become,15,15
shout,15,14
gifts,15,4
webcam,15,6
fight,15,18
6k,15,4
intense,14,10
kidding,14,8
feed,14,12
germany,14,10
lucky,14,13
found,14,23
skinny,14,7
living,14,10
quit,14,6
lagging,14,9
chance,14,15
loot,14,14
spotify,14,1
pop,14,7
running,14,9
realize,14,11
shake,14,1
cringe,14,17
sweet,14,21
deal,14,12
forever,14,10
checked,14,8
everyday,14,10
videos,14,10
knife,14,3
blizzard,14,2
playin,14,11
death,14,13
moms,14,4
opened,14,2
fans,14,13
pjsalt,14,1
1st,14,5
atm,14,3
champ,14,4
guns,14,4
ice,14,3
greetings,14,49
buying,14,2
step,14,7
lee,14,6
tune,14,5
carry,14,4
aswell,14,4
fatty,14,3
awful,14,6
ooh,14,6
hahah,14,4
crap,14,19
friendly,14,9
noobs,14,9
mans,14,8
wipe,14,4
doritoschip,14,21
papi,14,4
level,14,25
horrible,14,3
profile,14,1
computer,14,16
legends,14,2
write,14,8
e3,14,3
meet,14,19
weak,14,5
asf,14,9
reflection,13,1
whoever,13,7
fixed,13,5
past,13,12
dirty,13,7
saved,13,7
somebody,13,10
chatting,13,4
gunna,13,10
howdy,13,43
spend,13,9
kkonaw,13,1
noticed,13,12
twice,13,6
everybody,13,19
account,13,9
giving,13,19
shouldnt,13,16
gud,13,10
happend,13,3
volume,13,6
rules,13,22
grown,13,23
200,13,5
begging,13,3
rdr2,13,1
bae,13,8
viewer,13,11
jokes,13,17
episode,13,89
shits,13,18
hungry,13,3
dragon,13,29
band,13,8
felt,13,7
wasup,13,11
respect,13,23
complain,13,4
serious,13,12
tiny,13,12
nasty,13,6
mug,13,8
60,13,4
writing,13,9
understand,13,16
sister,13,16
self,13,25
april,13,1
exactly,13,17
legit,13,12
pathetic,13,4
hotpokket,13,9
congrats,13,25
rid,13,8
ghost,13,3
support,13,17
cheeks,13,6
windows,13,4
youlove,13,1
idiots,13,5
sometimes,13,10
youd,13,16
forget,13,19
press,13,5
easy,13,4
creepy,13,12
nightmare,13,2
dady,13,4
delay,13,27
pizza,13,4
gl,13,5
emo,13,5
runs,13,1
ty,13,5
finger,13,7
imma,13,11
sitting,13,3
mousepad,12,1
moe,12,1
nips,12,10
nadeshot,12,1
thinks,12,11
talks,12,16
twat,12,4
rick,12,1
bob,12,2
jk,12,12
wars,12,3
poe,12,3
weekend,12,10
alone,12,5
town,12,3
bcwarrior,12,1
color,12,18
yeahhh,12,8
jack,12,12
gooooo,12,13
entire,12,7
ruined,12,4
eye,12,16
cocaine,12,2
hop,12,2
jeff,12,4
yaa,12,2
wears,12,2
yeahhhh,12,3
trolling,12,1
elegiggle,12,2
tyler,12,55
monkahmm,12,2
loves,12,23
hoodie,12,6
version,12,4
restart,12,2
losers,12,6
fck,12,5
football,12,1
amazon,12,11
body,12,17
squid2,12,3
shove,12,1
hypers,12,3
roll,12,27
bc,12,8
league,12,6
wearing,12,33
canada,12,6
bass,12,2
million,12,9
100k,12,13
giveplz,12,11
meat,12,5
nerd,12,10
browser,12,2
sucking,12,10
sourpls,12,11
reading,12,11
m8,12,4
ohhhh,12,9
honestly,12,12
ui,12,1
weeks,12,16
pain,12,7
fortnight,12,3
tim,12,91
crank,12,2
2nd,12,3
throw,12,11
caught,12,30
english,12,9
totally,12,29
wild,12,13
ps4,12,15
royale,12,27
riot,12,3
heya,12,6
dollars,12,7
pick,12,10
sun,12,4
machine,12,5
dropped,12,10
tears,11,10
23,11,2
text,11,23
alerts,11,1
crying,11,21
logo,11,6
hopefully,11,12
ignore,11,3
notifications,11,3
nade,11,1
ima,11,10
safe,11,10
oo,11,11
human,11,3
store,11,5
basically,11,13
building,11,5
shooting,11,4
deleted,11,3
steal,11,6
salty,11,6
afford,11,6
3am,11,1
sir,11,3
couple,11,10
16,11,3
thoughts,11,2
poop,11,6
laugh,11,9
gifting,11,1
confused,11,8
metallica,11,1
brain,11,3
lives,11,2
date,11,9
wass,11,9
bf,11,1
drinking,11,19
destroy,11,3
nipples,11,7
lame,11,2
finish,11,18
grew,11,1
lately,11,12
works,11,15
frames,11,3
disgusting,11,1
turning,11,4
asked,11,15
compared,11,5
children,11,6
feelsokayman,11,1
fook,11,5
40,11,7
horse,11,8
alot,11,8
nigga,11,13
endgame,11,2
1v1,11,7
knock,11,3
dare,11,6
heads,11,8
doggo,11,2
stripes,11,1
goooooo,11,6
key,11,8
blood,11,32
refresh,11,10
whyd,11,6
event,11,6
gawd,11,4
pumped,11,6
smell,11,16
boss,11,20
loving,11,5
rt,11,21
scuffed,11,1
freak,11,5
city,11,4
2017,11,5
nut,11,6
wadup,11,3
wear,11,6
complete,11,5
mikes,11,1
ded,11,11
momma,11,31
battle,11,24
suh,11,2
john,11,9
quiet,11,5
omfg,11,7
squid1,11,3
tearglove,10,2
sell,10,6
grind,10,12
explain,10,12
oi,10,8
pics,10,7
magic,10,11
definitely,10,11
future,10,4
lady,10,16
comments,10,7
waz,10,25
minute,10,11
milk,10,5
1000,10,6
mw,10,1
spiderman,10,1
knees,10,1
unbanned,10,1
anus,10,5
course,10,8
itll,10,9
fkin,10,1
takin,10,3
faster,10,4
buzzing,10,1
daniel,10,5
problems,10,7
earth,10,6
tfw,10,3
anybody,10,6
worry,10,9
76,10,2
rofl,10,3
kapow,10,4
hearing,10,19
summon,10,3
boobs,10,4
tease,10,1
driving,10,1
slept,10,4
mf,10,7
classic,10,2
woah,10,9
skipping,10,2
wondering,10,9
loser,10,2
pee,10,14
liked,10,7
babies,10,4
burn,10,6
terrible,10,6
fellow,10,19
spoilers,10,3
dub,10,13
bus,10,3
shows,10,14
cats,10,2
meta,10,5
killing,10,18
country,10,3
tryna,10,14
ol,10,4
caged,10,1
snipe,10,8
400,10,2
round,10,6
fav,10,13
doge,10,1
dads,10,3
poppin,10,4
energy,10,10
ahh,10,8
offf,10,1
jacked,10,1
kno,10,5
lock,10,3
line,10,33
dinner,10,5
trials,10,1
smack,10,7
wins,10,20
issues,10,9
single,10,10
cheer500,10,7
three,10,8
robot,10,7
listens,10,2
brains,9,3
paid,9,4
hangs,9,2
stuck,9,8
battlefront,9,4
page,9,6
owning,9,1
nooo,9,2
succ,9,2
theilluminati,9,7
short,9,10
loading,9,10
bum,9,2
ahhh,9,4
yeeet,9,21
jump,9,8
case,9,3
coke,9,3
freaking,9,12
followers,9,8
jess,9,38
merch,9,4
credit,9,4
240,9,2
sponsored,9,1
instantly,9,4
yeaa,9,1
ayy,9,2
lying,9,2
sellout,9,3
lord,9,13
tourny,9,4
500,9,2
threw,9,12
baited,9,3
hug,9,12
clock,9,3
cocks,9,1
gettin,9,6
wei,9,4
blow,9,13
fapping,9,1
idol,9,6
blessrng,9,1
mario,9,4
soft,9,1
cars,9,1
waste,9,2
wonder,9,32
ooooh,9,13
smh,9,9
dogs,9,5
family,9,25
rather,9,3
part,9,22
absolute,9,3
13,9,6
saturday,9,5
dance,9,30
goooooooo,9,10
clothes,9,2
screaming,9,4
rape,9,12
solos,9,7
q,9,6
keys,9,1
howd,9,6
ure,9,1
elses,9,2
pug,9,1
virgin,9,2
shoot,9,11
dud,9,2
rude,9,7
double,9,24
hairy,9,1
choose,9,2
duck,9,6
loved,9,18
tsm,9,2
fifty,9,1
train,9,7
album,9,5
inc,9,3
handle,9,11
nostalgia,9,2
due,9,9
feelin,9,8
cheap,9,2
mofo,9,3
peace,9,5
drew,9,4
hiii,9,2
harder,9,7
nick,9,6
takes,9,12
partly,9,55
soda,9,3
question,9,32
facial,9,1
tournament,9,11
2000,9,3
special,9,12
grill,9,2
ow,9,1
gooooooooo,9,2
worst,9,6
bloodtrail,9,3
strong,8,4
triggered,8,7
secs,8,1
broo,8,2
7k,8,9
paying,8,3
aya,8,1
chocolate,8,6
download,8,1
near,8,8
dang,8,12
build,8,7
kd,8,5
3head,8,2
sort,8,5
facecam,8,11
prolly,8,1
realm,8,26
egg,8,3
stand,8,6
naw,8,4
lag,8,8
deserve,8,20
interesting,8,9
hardcore,8,1
darkmode,8,1
bp,8,1
esl,8,1
yikes,8,3
army,8,1
freshest,8,1
wack,8,5
chew,8,18
300,8,4
chillest,8,1
cover,8,4
imo,8,5
autism,8,1
restaurants,8,1
ark,8,1
2016,8,108
hottest,8,1
tweeted,8,4
grab,8,5
snake,8,1
grandma,8,2
calls,8,7
sims,8,1
takenrg,8,13
spoil,8,3
fortone,8,72
yee,8,6
handsome,8,4
copy,8,9
sense,8,17
soooo,8,10
laptop,8,4
goo,8,9
punchtrees,8,1
changes,8,2
brotha,8,1
series,8,8
hola,8,5
argentina,8,1
dadddy,8,4
host,8,8
needed,8,7
frankerz,8,1
13th,8,2
banging,8,1
werent,8,9
keeps,8,21
20k,8,14
myth,8,51
fort,8,13
80,8,13
wey,8,1
canadian,8,2
trust,8,13
trouble,8,7
fking,8,1
challenge,8,7
21,8,3
desk,8,2
inspiration,8,8
podcast,8,4
fap,8,2
30k,8,10
moment,8,16
app,8,4
wooooooo,8,2
dubs,8,19
glasses,8,7
midnight,8,5
auto,8,3
large,8,4
original,8,3
frag,8,1
oof,8,4
kyle,8,3
woman,8,18
typing,8,15
savage,8,2
dicks,8,9
subscribers,8,5
fok,8,2
button,8,9
ashley,8,44
sold,8,4
teaser,8,1
optic,8,1
college,8,6
hardest,8,3
ones,8,14
oooo,8,9
yoooo,8,4
tag,8,15
reeeee,8,2
sing,8,12
excited,8,53
ac,8,4
dam,8,5
bomb,8,12
fack,8,5
code,8,29
forward,8,6
boyyyy,8,6
tpfufun,8,2
naked,8,4
fov,8,1
smells,8,1
lesbianpride,8,2
radio,8,1
busy,8,7
bowl,8,2
inspire,8,10
desert,8,1
usually,7,13
along,7,6
ggs,7,5
pocket,7,2
polish,7,1
added,7,3
shots,7,6
yer,7,1
wall,7,6
losing,7,24
edm,7,2
news,7,4
dreams,7,3
shower,7,12
often,7,6
females,7,4
lasagne,7,1
ps,7,5
f5,7,2
tape,7,2
row,7,5
meant,7,9
push,7,5
yhea,7,1
ultra,7,1
shoutout,7,13
invite,7,2
babe,7,4
70,7,4
2am,7,3
tik,7,1
gross,7,2
jumping,7,3
hed,7,3
swamp,7,3
damnit,7,4
fucc,7,1
core,7,16
hitting,7,3
grass,7,4
koncha,7,4
pepe,7,2
olds,7,3
hasnt,7,12
brazil,7,2
whenever,7,12
ex,7,4
pissed,7,12
ring,7,6
box,7,19
comin,7,11
sooooo,7,4
tickets,7,2
lunch,7,2
fuq,7,9
gow,7,2
pregnant,7,12
ram,7,1
slob,7,2
atleast,7,6
desktop,7,3
helo,7,1
slaps,7,6
angry,7,6
wot,7,7
warcraft,7,1
practice,7,5
bother,7,1
maaaan,7,1
brown,7,2
whaddup,7,1
tips,7,7
ruining,7,1
spoiler,7,4
3rd,7,4
cyberpunk,7,3
diablo,7,2
nooooo,7,5
cumming,7,9
gym,7,2
thumbs,7,19
blyat,7,1
hosted,7,8
math,7,5
truck,7,2
poopoo,7,2
aot,7,1
jail,7,1
dj,7,4
cable,7,1
precious,7,9
ops,7,3
osrs,7,1
male,7,4
warframe,7,1
powerupr,7,4
gt,7,3
floor,7,5
uses,7,5
sooo,7,6
2019,7,2
front,7,14
hanging,7,5
seem,7,8
unless,7,8
mvp,7,10
mustache,7,2
theme,7,8
purple,7,19
cinematic,7,3
crates,7,1
bug,7,1
style,7,9
ways,7,4
cya,7,4
remix,7,6
cousin,7,4
beta,7,1
donos,7,2
fart,7,7
range,7,2
missing,7,9
hawt,7,1
comp,7,5
turns,7,7
couch,7,4
tech,7,3
subscription,7,6
tilted,7,17
powerupl,7,4
resubs,7,2
socials,7,5
2018,7,4
ride,7,14
fail,7,7
voting,7,2
smash,7,8
moly,7,1
ended,7,8
smile,7,12
latest,7,1
greasy,7,2
disrespect,7,2
twerk,7,9
ew,7,3
adds,7,7
alll,7,1
driver,7,1
gtfo,7,2
pvp,7,3
hz,7,1
feelsamazingman,7,1
warm,7,6
choice,7,9
assist,7,1
joined,7,10
65,7,2
nonsubs,7,3
finished,7,8
arc,7,4
command,7,7
4am,7,5
following,7,7
streamed,7,4
decent,6,1
sony,6,1
office,6,2
smooth,6,1
somewhere,6,9
animal,6,5
fact,6,9
o_o,6,6
clips,6,2
surprised,6,8
heat,6,6
yaaaa,6,5
secret,6,3
yess,6,5
weve,6,5
fifa,6,1
cop,6,3
sec,6,4
decide,6,4
subscriber,6,5
lights,6,4
squads,6,7
winning,6,3
brb,6,2
mark,6,16
wana,6,1
hide,6,6
blessed,6,3
scumbag,6,1
puts,6,3
thursday,6,24
ahead,6,3
yoooooo,6,6
vacuum,6,3
famous,6,6
mistakes,6,6
lotta,6,6
asss,6,1
countdown,6,5
butthole,6,1
followed,6,7
complaining,6,5
1010,6,1
weather,6,6
clicked,6,1
selling,6,1
wasssup,6,1
35,6,1
giant,6,9
project,6,2
lacroix,6,1
stayed,6,5
points,6,9
roblox,6,2
batman,6,1
rly,6,2
hood,6,4
middle,6,7
ahhhhhh,6,1
cheese,6,5
character,6,50
figure,6,5
useless,6,4
th,6,2
o7,6,4
everytime,6,7
nvidia,6,1
mass,6,1
punch,6,5
crush,6,9
asleep,6,2
staying,6,9
8k,6,3
bleed,6,1
ending,6,8
coz,6,1
sux,6,1
castle,6,2
fall,6,10
tons,6,2
difficulty,6,2
relax,6,2
vods,6,1
beans,6,1
worked,6,17
master,6,5
popular,6,4
tunes,6,1
clutch,6,3
australia,6,5
whys,6,2
cook,6,4
weapon,6,10
awww,6,12
charm,6,2
fingers,6,7
40k,6,6
forehead,6,11
awhile,6,3
tab,6,2
known,6,2
pure,6,2
angle,6,5
guild,6,4
doom,6,5
attention,6,13
rek,6,1
yooo,6,4
russian,6,1
bby,6,2
knob,6,1
access,6,2
stan,6,4
45,6,3
anal,6,5
eyed,6,2
superbowl,6,1
towers,6,3
computers,6,1
gachigasm,6,3
kfc,6,1
teams,6,3
scam,6,2
ayyyy,6,4
lots,6,7
peen,6,3
donations,6,4
matt,6,90
heloo,6,1
asmr,6,1
ooo,6,5
allowed,6,5
usual,6,4
yesss,6,5
frog,6,7
disable,6,1
sweaty,6,2
agree,6,18
seven,6,1
view,6,4
shame,6,9
crack,6,3
chief,6,8
third,6,2
counter,6,1
lovely,6,12
mess,6,9
gas,6,3
stoned,6,2
ayyy,6,2
ns,6,1
bday,6,10
expect,6,7
teach,6,4
blowing,6,5
def,6,5
boiis,6,1
avengers,6,3
26,6,1
flames,6,1
monday,6,6
pcs,6,1
daily,6,4
dms,6,3
ripepperonis,6,1
boiiiiiiii,6,4
coon,6,5
five,6,3
mama,6,16
unsub,6,1
h3h3,6,1
waited,6,1
soup,6,3
older,6,5
brah,6,3
chilling,6,2
motha,6,2
lyrics,6,2
cringy,6,1
bastard,6,4
insta,6,3
18,6,8
gona,6,4
fullscreen,6,3
funniest,6,2
married,6,4
juice,6,7
record,6,10
yr,6,1
dd,6,24
female,6,5
joe,6,1
frick,6,22
tour,6,1
smoking,6,5
yaaa,6,1
expensive,6,2
hall,6,1
land,6,3
dammit,6,5
storm,6,8
meh,6,4
whitey,6,1
mood,6,8
honor,6,3
dickhead,6,1
shipping,6,3
age,6,6
given,6,7
tuesday,6,4
reaction,6,5
indeed,6,15
act,6,11
competitive,6,1
winter,6,1
netflix,6,2
warming,6,5
dock,6,1
lool,6,1
shadow,6,4
10000,6,5
bot,6,13
kicking,6,8
dust,6,2
yeaaa,6,5
leaving,6,5
fantastic,6,10
12k,6,7
questions,6,3
yeahhhhh,6,1
trolled,5,1
opening,5,5
swag,5,1
favourite,5,6
dice,5,40
whispered,5,1
delayed,5,2
fa,5,1
capture,5,4
sniff,5,10
apparently,5,10
sharp,5,3
watchin,5,3
jacket,5,10
bucks,5,1
period,5,1
printer,5,1
og,5,6
empty,5,6
beer,5,7
partner,5,7
queers,5,2
hmu,5,1
reload,5,4
jake,5,2
wrote,5,3
hates,5,4
marvel,5,4
exam,5,3
twich,5,5
tok,5,1
flip,5,4
yh,5,1
listened,5,3
bones,5,1
headshot,5,3
website,5,3
addicted,5,4
pile,5,1
picked,5,3
ruin,5,3
yeeeet,5,6
sometime,5,1
skyrim,5,2
unite,5,2
knowing,5,4
casual,5,2
boiiiiiii,5,8
gj,5,2
uppppp,5,1
meeee,5,3
worse,5,3
1g,5,2
enter,5,1
cummy,5,1
whoop,5,4
realized,5,8
piss,5,5
fr,5,5
dry,5,3
issue,5,7
table,5,19
goood,5,1
childhood,5,2
honest,5,2
adblock,5,2
note,5,6
respond,5,1
snacks,5,7
soul,5,4
install,5,3
spooderman,5,1
earssss,5,2
wiped,5,2
spooder,5,1
liking,5,1
goddamn,5,5
enjoying,5,6
giveaway,5,7
jordan,5,1
planet,5,3
strike,5,3
flight,5,3
yell,5,2
six,5,1
rush,5,3
maan,5,2
zone,5,6
counting,5,1
messed,5,7
navi,5,1
entered,5,3
business,5,3
holding,5,11
queer,5,17
involved,5,1
forsens,5,1
horror,5,10
net,5,1
phones,5,4
lmaooo,5,5
remeber,5,1
cheating,5,7
camp,5,1
gain,5,5
finna,5,3
port,5,3
bag,5,10
enable,5,1
putting,5,11
mexican,5,1
nyc,5,4
mang,5,1
blast,5,2
dunno,5,10
hang,5,6
yeee,5,3
onions,5,1
aka,5,3
production,5,1
1am,5,2
kys,5,2
forced,5,2
mc,5,1
eventually,5,3
fo,5,4
liverpool,5,2
facebook,5,2
movies,5,3
wigga,5,1
sleepy,5,2
plane,5,5
hallo,5,4
pie,5,4
mannnn,5,2
ceezgu,5,12
yt,5,3
rocket,5,3
boiiiiiiiii,5,1
others,5,3
campaign,5,23
scream,5,6
ignored,5,1
carrying,5,2
bros,5,2
cus,5,4
sayin,5,5
evening,5,7
google,5,5
effect,5,5
stretch,5,2
hahahahaha,5,6
ingame,5,2
sky,5,1
comming,5,2
nani,5,3
barely,5,5
titty,5,5
bright,5,5
lotr,5,1
goooooooooooo,5,2
animals,5,7
blizzcon,5,1
yeahhhhhh,5,1
jeez,5,5
ny,5,4
oooh,5,7
completely,5,1
deaf,5,1
peoples,5,4
mee,5,2
bttv,5,2
19,5,1
scene,5,6
yoo,5,2
deny,5,1
jerry,5,5
escape,5,1
smart,5,8
ugh,5,12
tb,5,1
hits,5,5
hunter,5,2
neighbor,5,4
lolol,5,2
max,5,3
keybind,5,1
pal,5,3
hellll,5,3
rough,5,5
daylight,5,1
uh,5,23
summer,5,3
clear,5,2
25k,5,6
strat,5,2
order,5,5
wash,5,2
fren,5,2
fool,5,3
anniversary,5,2
ohhhhh,5,9
matches,5,1
spent,5,2
caps,5,5
meee,5,5
rolls,5,8
wings,5,4
sneaky,5,3
bugs,5,3
catching,5,9
drums,5,1
showdown,5,2
company,5,4
yesterdays,5,1
woulda,5,2
heyo,5,2
flying,5,7
possible,5,11
crowd,5,2
guitar,5,2
waffles,5,2
usa,5,1
loop,5,2
mushrooms,5,1
carried,5,2
soccer,5,1
weebs,5,1
intel,5,2
everyones,5,16
nowadays,5,3
foot,5,2
nearly,5,8
helll,5,1
badass,5,10
based,5,2
gotten,5,4
grimmmz,5,1
whispers,5,1
growing,5,1
chaos,5,2
moves,5,9
crew,5,31
raped,5,1
broooo,5,2
layout,5,1
humans,5,2
stole,5,5
reality,5,5
disney,5,1
american,5,1
damage,5,15
delicious,5,2
tgay,5,2
slayer,5,2
sht,4,6
git,4,4
logic,4,26
force,4,2
140,4,1
thirsty,4,1
skill,4,3
bick,4,2
dw,4,1
fapfapfap,4,9
talked,4,5
bambi,4,1
lav,4,3
looool,4,3
halo,4,7
tom,4,2
wth,4,3
waht,4,3
except,4,9
tht,4,4
blew,4,4
dollar,4,3
liar,4,2
dadd,4,3
realy,4,2
ford,4,3
jugar,4,2
cuphead,4,1
fit,4,6
betty,4,6
walking,4,4
action,4,3
network,4,3
boyfriend,4,7
inch,4,3
dizzy,4,9
boiz,4,1
cops,4,1
bank,4,2
jelly,4,5
checking,4,5
goooooooooo,4,1
solved,4,1
needa,4,2
unsubbing,4,1
symmetra,4,1
pad,4,1
sponsors,4,1
helloo,4,3
oblivion,4,4
veiwers,4,1
dc,4,1
shaved,4,3
inside,4,1
headphones,4,3
dancing,4,5
nutty,4,2
etc,4,2
ray,4,1
gooood,4,4
200k,4,3
gratz,4,2
parkway,4,1
mna,4,2
motherfuckers,4,1
leak,4,1
teaming,4,4
hr,4,1
child,4,9
assholes,4,2
taken,4,8
boiiiiii,4,6
fest,4,2
subbing,4,2
slump,4,1
nightbot,4,29
custom,4,1
baseball,4,3
rule,4,11
randomly,4,1
h1,4,1
site,4,4
yup,4,2
plus,4,5
choking,4,2
awkward,4,3
litty,4,3
corner,4,2
rockin,4,1
trip,4,2
apple,4,1
adorable,4,12
8d,4,1
hairs,4,6
motherfucker,4,2
california,4,5
harvey,4,1
musics,4,1
noises,4,3
difference,4,4
miami,4,1
area,4,5
switched,4,3
wedding,4,3
stopped,4,4
merry,4,11
earlyyyyyy,4,1
sponsoring,4,2
sensitivity,4,2
west,4,2
donated,4,5
plss,4,1
punk,4,4
sudden,4,5
jazz,4,1
wazzz,4,8
amount,4,11
final,4,7
sr,4,1
remembered,4,4
mirror,4,3
sniping,4,14
fancy,4,5
sempai,4,1
cocky,4,2
fn,4,4
cell,4,6
buffering,4,8
academia,4,1
inb4,4,3
b4,4,3
track,4,5
lobby,4,10
mini,4,4
cancel,4,3
hundreds,4,2
lok,4,1
itches,4,2
charge,4,2
32,4,1
arrived,4,1
bull,4,4
monk,4,2
hullo,4,13
riders,4,1
dominate,4,3
keanu,4,1
lovve,4,1
freakin,4,2
creeper,4,1
trolls,4,1
60k,4,2
mk,4,1
donkey,4,3
seat,4,4
gender,4,6
shorts,4,2
lover,4,1
nostalgic,4,2
hating,4,3
pewds,4,1
wallpaper,4,2
dudeee,4,2
wreck,4,4
godly,4,1
toilet,4,7
morons,4,1
heyyyy,4,4
plug,4,1
dot,4,4
connection,4,4
teacher,4,4
cast,4,7
mada,4,2
mo,4,4
dddd,4,1
draw,4,12
towards,4,2
creep,4,1
heyyyyy,4,1
hiiii,4,1
ssup,4,1
slut,4,6
updated,4,4
jingle,4,1
jizz,4,1
noooo,4,1
uninstalled,4,1
channels,4,3
bald,4,9
wa,4,2
lighting,4,3
legendary,4,6
regular,4,3
important,4,11
itchy,4,1
paint,4,12
helllll,4,1
hahahahah,4,1
cheats,4,6
earlyyy,4,1
aaa,4,4
pulled,4,2
paper,4,8
ofc,4,1
drugs,4,2
username,4,3
pale,4,2
beyond,4,10
7am,4,1
scammed,4,2
mm,4,2
pat,4,2
chris,4,8
reset,4,2
bangs,4,1
balance,4,2
nerfed,4,2
lies,4,1
instagram,4,10
butter,4,4
group,4,20
yooooo,4,6
outa,4,3
xdd,4,1
chick,4,1
feminist,4,2
total,4,4
target,4,2
sore,4,1
upgrade,4,2
evil,4,12
poll,4,1
madman,4,1
inbound,4,1
commercial,4,2
daughter,4,10
lad,4,1
whatsup,4,3
deagle,4,1
sunshine,4,1
general,4,2
nerds,4,10
singsnote,4,3
posted,4,4
assassins,4,2
experience,4,13
stomach,4,4
nighter,4,6
ground,4,8
owl,4,4
silver,4,3
uppp,4,2
stroke,4,1
reason,4,17
golden,4,15
yoyo,4,16
afraid,4,4
lay,4,2
hah,4,5
prob,4,1
unsubbed,4,1
trumps,4,1
fcking,4,2
yung,4,2
singing,4,13
improve,4,2
thx,4,1
moderators,4,3
throat,4,2
legs,4,8
clicking,4,2
login,4,2
absolutely,4,7
kings,4,4
1030,4,1
brasil,4,1
shoes,4,6
9k,4,4
react,4,1
replace,4,2
38,4,1
seee,4,2
33,4,14
flex,4,7
shooter,4,1
wives,4,1
ball,4,5
wick,4,1
removed,4,3
rocks,4,2
stealing,4,4
mics,4,6
ten,4,4
dropping,4,4
rub,4,2
spray,4,1
clickbait,4,1
dada,4,1
cx,4,1
hd,4,3
bots,4,2
urself,4,1
heres,4,7
horde,4,1
scrub,4,1
released,4,1
monkey,4,2
uncle,4,3
shirts,4,1
iverson,4,3
cheated,4,2
goof,4,4
medium,4,1
study,4,3
model,4,4
pre,4,2
raid,4,4
fkn,4,4
bong,4,1
anime,4,2
blame,4,10
packing,4,1
lbs,4,1
doubt,4,5
speed,4,5
fully,4,2
spider,4,1
twisted,4,1
snow,4,8
hills,4,2
sausage,4,1
woooooo,4,2
kept,4,6
cali,4,4
captain,4,2
dayum,4,1
pokemon,4,3
pos,4,2
memes,4,2
bees,4,1
cok,4,2
roovv,4,2
someones,4,3
29,4,1
smelly,4,1
cowboys,4,6
lest,4,2
smol,4,1
bringing,4,2
battlepass,4,2
installed,4,2
yep,4,2
frack,4,3
matched,4,3
launcher,4,3
allow,4,3
drank,4,3
breaks,4,5
passed,4,8
finals,4,2
situation,4,2
student,4,2
wt,3,3
mcgregor,3,1
gtx,3,2
south,3,6
whattup,3,2
unreal,3,1
climb,3,2
bat,3,5
57,3,2
brothers,3,4
workout,3,2
pig,3,1
carpet,3,1
partnered,3,1
fuc,3,1
ewww,3,1
members,3,3
names,3,10
built,3,2
pink,3,22
goodbye,3,1
halla,3,1
savings,3,1
dmed,3,2
ant,3,3
tic,3,1
dungeon,3,10
roast,3,1
wats,3,1
depressed,3,4
choke,3,2
55,3,2
bow,3,2
nba,3,3
eatin,3,1
daaaaaad,3,1
sadly,3,3
titties,3,4
ples,3,2
weight,3,5
wazz,3,4
rigged,3,2
edge,3,5
farted,3,2
deserved,3,1
bottom,3,2
blows,3,2
puss,3,4
swing,3,4
yessss,3,2
ting,3,2
iv,3,2
resolution,3,1
daddyyyy,3,1
stops,3,1
control,3,9
sons,3,3
bee,3,1
setting,3,5
web,3,1
teeth,3,6
orc,3,3
mega,3,2
shop,3,9
bop,3,1
wanting,3,6
fighting,3,2
gpu,3,1
bruddas,3,3
ran,3,6
decided,3,4
dirt,3,3
reminds,3,2
levels,3,1
iraq,3,1
pax,3,1
chain,3,1
copyright,3,1
babycakes,3,1
politics,3,1
hub,3,1
ey,3,2
sjw,3,1
darwin,3,1
goblin,3,6
eardrums,3,1
fathers,3,1
ir,3,1
spammers,3,1
sounding,3,3
youyou,3,1
accurate,3,3
constantly,3,1
earsss,3,3
kicks,3,6
curse,3,6
lvl,3,9
whit,3,1
xp,3,1
5head,3,1
managed,3,3
devil,3,9
within,3,2
jones,3,3
gum,3,1
80s,3,3
slave,3,2
cheater,3,2
todays,3,4
americas,3,2
appear,3,2
steamer,3,1
dany,3,8
omega,3,3
crate,3,6
thanos,3,6
grenade,3,5
reeeeeeeeeeeee,3,1
fock,3,2
baked,3,2
mighty,3,2
joking,3,1
tea,3,8
tank,3,5
combined,3,3
squid3,3,3
monitors,3,1
oatmeal,3,1
acting,3,12
popping,3,1
toucha,3,1
option,3,1
hated,3,5
speaking,3,8
decides,3,2
advice,3,6
hip,3,1
ability,3,4
addd,3,1
decreased,3,1
oooooh,3,3
moan,3,1
obviously,3,3
atprtsd,3,1
angel,3,1
jamie,3,1
fixing,3,5
420,3,1
grog,3,23
wind,3,2
pssy,3,1
numbers,3,3
breath,3,7
poopy,3,1
survive,3,5
raids,3,2
chillin,3,4
leg,3,3
studying,3,2
promise,3,1
spot,3,4
streamlabs,3,1
echo,3,4
interview,3,4
geez,3,4
fuckers,3,6
youuuu,3,2
cheers,3,2
cheat,3,3
valentines,3,4
shaking,3,4
hellboy,3,6
subscribing,3,1
ace,3,1
8pm,3,1
ypu,3,3
japanese,3,1
none,3,5
gooooooooooooo,3,2
canadians,3,3
cheer1000,3,16
cried,3,2
gahd,3,1
testing,3,2
attack,3,6
clearly,3,3
howre,3,5
responded,3,3
cyka,3,1
monka,3,3
professional,3,1
corny,3,1
lightning,3,9
nowhere,3,4
bugged,3,2
buckle,3,7
hoping,3,14
quite,3,6
no1,3,2
thiccc,3,1
raging,3,1
sweat,3,3
personally,3,3
repeat,3,5
41,3,4
lowkey,3,1
spit,3,4
rat,3,4
whatup,3,2
empieza,3,7
sideways,3,2
shiet,3,3
fortnut,3,1
finding,3,4
glass,3,1
tells,3,6
triple,3,5
croatia,3,1
air,3,8
zero,3,4
feet,3,8
peanut,3,3
flowers,3,4
uber,3,6
comeback,3,2
uhhh,3,1
noticing,3,3
rogue,3,4
jungle,3,1
alpha,3,34
youu,3,2
congested,3,1
cow,3,1
tough,3,5
timer,3,1
subcount,3,2
snap,3,2
bananas,3,1
proper,3,5
bruv,3,2
aboard,3,5
quest,3,3
upset,3,6
bigfoot,3,1
jews,3,1
boost,3,2
ft,3,2
theyll,3,5
alex,3,14
co,3,1
list,3,7
sword,3,17
27,3,1
excuse,3,3
puke,3,2
follower,3,1
engaged,3,1
247,3,1
outfit,3,15
apart,3,2
sot,3,7
gurl,3,1
bell,3,2
negative,3,2
killer,3,1
recently,3,2
especially,3,9
acts,3,3
guest,3,8
studio,3,5
reporting,3,1
contest,3,3
boiiiiiiiiiii,3,2
aree,3,2
wifi,3,6
history,3,7
dear,3,5
staff,3,2
owns,3,2
burger,3,1
fuckfuck,3,2
types,3,2
foo,3,1
lags,3,2
failed,3,4
begin,3,1
expected,3,7
bra,3,5
combat,3,5
entertaining,3,1
51,3,4
sexual,3,1
subscribes,3,2
holt,3,2
whatsapp,3,2
13k,3,4
drivers,3,1
queen,3,11
links,3,24
ftw,3,1
mothers,3,1
vids,3,3
thos,3,1
maaaaaan,3,3
wadu4head,3,18
900,3,2
ans,3,1
clipped,3,5
reeee,3,2
disappeared,3,1
wagwan,3,3
ripped,3,1
solid,3,3
drinkin,3,1
silent,3,1
yoiu,3,1
bird,3,1
boiiiis,3,1
book,3,18
ranks,3,2
mexico,3,3
yu,3,5
plez,3,1
wazzup,3,4
singer,3,3
device,3,1
window,3,6
jimmy,3,1
shall,3,1
funk,3,1
blind,3,5
notified,3,2
price,3,2
somone,3,1
bump,3,3
johns,3,2
wath,3,2
standing,3,5
yard,3,1
viwers,3,1
toe,3,2
streamsnipers,3,2
datsheffy,3,1
eaters,3,1
screens,3,3
misses,3,3
spell,3,8
scale,3,2
silly,3,5
poster,3,2
snack,3,1
french,3,7
jumped,3,1
weirdos,3,2
attire,3,1
nailed,3,1
mgk,3,9
fair,3,9
shouldve,3,3
torn,3,5
extra,3,7
accidentally,3,3
florida,3,4
pair,3,2
slapped,3,2
wich,3,1
immediately,3,6
socks,3,2
stronger,3,2
crashed,3,6
tfuelove,3,1
woof,3,1
mask,3,4
personal,3,8
ree,3,1
inches,3,1
fantasy,3,6
recognize,3,6
congratulations,3,1
voices,3,7
nights,3,4
plzzzz,3,1
noon,3,2
some1,3,2
ups,3,1
born,3,3
struggle,3,5
jersey,3,2
stink,3,7
dbz,3,1
meeeeee,3,1
boner,3,1
sync,3,6
episodes,3,20
sponsor,3,3
jobs,3,3
reply,3,3
iq,3,1
r6rekt,3,10
named,3,12
hmm,3,1
correct,3,2
lift,3,6
woot,3,2
pixel,3,3
current,3,6
pictures,3,5
perma,3,1
keeping,3,7
attitude,3,1
yeaaaaaa,3,1
bubble,3,2
finnaly,3,1
essay,3,1
flu,3,2
itch,3,2
eee,3,1
memories,3,5
tail,3,1
nigs,3,11
srsly,3,1
clue,3,3
3d,3,1
practicing,3,2
shown,3,3
whassup,3,1
beep,3,197
chase,3,2
cake,3,4
ralpherz,3,1
lova,3,1
neck,3,6
impressive,3,3
ohhhhhh,3,2
unban,3,1
feelings,3,8
boom,3,5
fill,3,8
matters,3,1
trooper,3,5
600,3,1
llama,3,3
fist,3,4
buys,3,1
speakers,3,4
crown,3,3
toronto,3,1
thunder,3,1
mid,3,1
brightness,3,1
jealous,3,6
language,3,5
tis,3,2
gachi,3,15
supp,3,1
duh,3,4
royal,3,4
greatest,3,4
worried,3,6
gif,3,13
boutta,3,2
haiku,3,1
begwan,3,1
yaeh,3,2
blinds,3,1
ooooooooh,3,1
150,3,3
ello,3,16
cutest,3,5
64,3,2
clan,3,7
nope,3,3
argue,3,1
nohomo,3,1
mornin,3,11
automatically,3,2
plan,3,15
inspired,3,4
dooo,3,2
underground,3,1
charity,3,8
yeeee,3,1
skull,3,2
tan,3,1
pirates,3,1
jus,3,2
scenes,3,6
exhausted,3,2
gb,3,1
boats,3,1
audience,3,4
goooooooooooooo,3,3
craft,3,3
tweeting,3,1
shield,3,14
toto,3,1
spill,3,2
realise,3,5
hacks,3,1
onto,3,1
wayyyyyy,3,1
ep,2,12
chapter,2,2
exist,2,1
dudeeee,2,1
littttt,2,1
bih,2,1
fookin,2,1
heal,2,7
qm,2,1
ahahahaha,2,1
san,2,2
holes,2,3
yeahg,2,1
wtffff,2,2
hadnt,2,2
999,2,1
dickkkkkkkk,2,1
spread,2,1
updating,2,3
shouting,2,2
damm,2,1
nub,2,1
accept,2,5
thousand,2,5
turnt,2,1
evryone,2,2
arena,2,1
hahahha,2,1
wassss,2,4
rabbit,2,6
digital,2,1
happier,2,4
landed,2,1
thw,2,1
races,2,1
hung,2,1
extremely,2,4
hte,2,1
fault,2,10
kinds,2,2
finds,2,3
journey,2,3
morn,2,2
tonite,2,1
spanish,2,2
linked,2,2
yesssssss,2,4
tchat,2,1
obnoxious,2,1
daaaad,2,1
pikachu,2,2
3000,2,1
peep,2,4
yeas,2,3
fortnites,2,8
preciate,2,1
messaged,2,2
animation,2,9
yrs,2,1
ikr,2,2
dip,2,3
career,2,3
arse,2,2
posting,2,26
leveling,2,1
gm,2,12
becoming,2,3
revolution,2,2
gosh,2,1
logang,2,2
boiiiiiiiiiiii,2,2
hbd,2,2
aha,2,2
youtuber,2,3
feeding,2,5
lead,2,3
leaked,2,2
ninj,2,195
lig,2,3
cube,2,3
discovered,2,2
gnome,2,2
elf,2,6
69,2,1
shift,2,5
cereal,2,1
freedom,2,1
yelling,2,4
sarcasm,2,1
graphic,2,2
ger,2,1
whod,2,2
crashes,2,1
reskin,2,1
gonn,2,1
stuttering,2,2
vag,2,1
role,2,49
probs,2,1
easily,2,2
ocean,2,1
woooo,2,3
15k,2,11
praise,2,2
ndi,2,1
gooooood,2,1
hehe,2,1
nvm,2,2
sap,2,1
any1,2,1
bish,2,1
rolling,2,2
meeting,2,1
announcements,2,3
toddler,2,1
blinders,2,1
props,2,5
peaky,2,1
shrek,2,1
enought,2,1
shells,2,1
lied,2,4
mil,2,1
badger,2,2
ryan,2,10
wasss,2,8
90s,2,4
manage,2,5
pokimane,2,2
hellu,2,1
beside,2,1
awwww,2,3
spammed,2,1
noone,2,1
stage,2,2
challenges,2,2
euron,2,2
sakes,2,1
caused,2,1
boo,2,4
5000,2,3
blops,2,1
cersei,2,1
padawan,2,1
nicest,2,2
dungeons,2,13
hells,2,4
nine,2,1
memed,2,1
spoon,2,6
2k17,2,1
filled,2,4
envy,2,3
user,2,1
wuts,2,1
bust,2,2
orange,2,5
atlanta,2,2
typed,2,2
score,2,3
dae,2,10
dck,2,1
songggg,2,1
flexing,2,2
daddu,2,1
tries,2,3
moth,2,1
form,2,8
snowing,2,5
negro,2,4
road,2,3
senses,2,1
mn,2,1
catfish,2,1
spicy,2,1
cracker,2,1
1m,2,1
soooooo,2,4
shoulda,2,1
curry,2,1
pidor,2,1
giveaways,2,1
ahah,2,1
witch,2,5
sox,2,1
info,2,2
asks,2,6
article,2,1
eid,2,3
wheat,2,1
cough,2,1
messy,2,1
creature,2,2
attending,2,1
wink,2,2
pley,2,2
falling,2,2
pencil,2,7
ily,2,3
ff15,2,1
daddys,2,2
university,2,1
leroy,2,1
messes,2,2
pitch,2,2
hater,2,4
fullhomo,2,1
brooo,2,1
classes,2,1
gloves,2,1
learned,2,4
selection,2,1
crash,2,9
yal,2,1
heroin,2,1
warned,2,3
germs,2,2
sponsorships,2,1
limited,2,1
touching,2,7
earl,2,1
fence,2,1
backyard,2,1
topless,2,1
cheek,2,2
technically,2,4
rise,2,1
nova,2,2
destroyed,2,4
jenkins,2,2
ly,2,3
rig,2,1
swallow,2,1
ms,2,1
yas,2,2
sigh,2,2
suicide,2,2
scrubs,2,3
central,2,2
gr8,2,1
fricking,2,2
yeeeeeet,2,2
plebsss,2,1
sniper,2,12
noy,2,2
brady,2,4
gey,2,1
rift,2,3
fiddle,2,2
offer,2,1
toast,2,1
expecting,2,1
kickass,2,2
gayyy,2,1
beach,2,3
morty,2,4
struggling,2,2
headed,2,2
law,2,2
mission,2,1
whast,2,1
program,2,1
bible,2,1
dallas,2,2
sack,2,4
planes,2,5
nibbers,2,1
tay,2,4
nm,2,2
becuase,2,2
hacking,2,1
fuckk,2,1
opinions,2,2
raise,2,6
fade,2,1
yeaaaaaaah,2,2
freaky,2,2
coop,2,1
afternoon,2,3
khabib,2,1
faq,2,1
lane,2,1
filthy,2,5
cringing,2,1
rusty,2,1
burnt,2,1
lake,2,3
gfs,2,1
nan,2,1
tthe,2,1
entertainment,2,10
hurrry,2,1
cheaters,2,1
tree,2,2
angst,2,1
whatthefuck,2,1
rolled,2,4
pornhub,2,2
laughed,2,11
stroking,2,1
official,2,4
aoe,2,1
relationship,2,3
art,2,101
kevinturtle,2,1
mill,2,2
oscar,2,2
timmy,2,7
choked,2,2
vacation,2,6
negging,2,2
backpack,2,5
americans,2,1
research,2,6
redneck,2,2
tmr,2,1
unlucky,2,2
properly,2,2
lmaoooo,2,4
arms,2,6
robots,2,3
retweeted,2,1
wazzzzzz,2,1
wuv,2,2
weekly,2,6
earthquake,2,4
grand,2,2
resubscribe,2,1
rood,2,1
tsm_myth,2,2
ouch,2,1
korea,2,1
wolfyy,2,1
north,2,9
jon,2,7
sounded,2,5
oww,2,1
warmup,2,1
steps,2,6
yayaya,2,1
plans,2,2
blocks,2,1
wierd,2,2
shite,2,1
mercywing1,2,2
gorgeous,2,8
ohhhhhhh,2,1
pros,2,1
fave,2,4
10pm,2,2
african,2,1
plastic,2,1
ranger,2,1
bully,2,2
mercywing2,2,2
daddyyyyyy,2,3
phase,2,3
breathe,2,1
whack,2,3
peasants,2,1
loo,2,2
deserves,2,5
pool,2,2
yp,2,1
ck,2,3
viewrs,2,1
cha,2,1
6am,2,1
lip,2,2
630,2,3
cancelled,2,3
lmaoo,2,5
thrones,2,1
dragons,2,15
oyo,2,3
anna,2,3
social,2,4
tooo,2,2
cheer300,2,2
punoko,2,1
bread,2,1
pussys,2,1
kitten,2,1
western,2,2
glorious,2,2
honey,2,8
panther,2,1
mumble,2,1
lmfaooo,2,3
ig,2,2
loooool,2,1
pointer,2,1
kappaclaus,2,1
pasty,2,1
ship,2,5
corey,2,1
claws,2,13
demand,2,1
rpgs,2,3
hellooo,2,2
incredible,2,4
ptr,2,1
bike,2,1
decision,2,3
average,2,2
worrying,2,2
pupils,2,2
thru,2,2
myths,2,2
reacting,2,1
brave,2,2
flexin,2,1
refund,2,1
return,2,1
luna,2,2
disco,2,2
avi,2,1
vibe,2,1
battery,2,1
dubstep,2,2
pleasure,2,3
mates,2,1
vodka,2,2
bound,2,2
cookie,2,2
pill,2,1
fixes,2,1
faaaaat,2,1
giddy,2,3
reee,2,3
restock,2,1
waifu,2,2
numb,2,1
irma,2,3
riding,2,4
livestream,2,2
luckily,2,1
columbus,2,1
bubblegum,2,32
ooohh,2,2
closer,2,1
moments,2,4
whens,2,1
york,2,3
unfortunately,2,2
commercials,2,2
uhhhh,2,2
wer,2,1
traffic,2,6
square,2,2
thissss,2,1
available,2,10
dew,2,1
noice,2,1
raised,2,2
ahaha,2,3
brought,2,10
muted,2,2
gtg,2,7
doofus,2,2
nuke,2,2
champion,2,1
wishing,2,1
bonkers,2,1
warmed,2,2
girlfriends,2,3
nooooooo,2,1
shoved,2,1
truth,2,3
gooooooooooooooo,2,2
strem,2,2
pause,2,1
futureman,2,1
material,2,1
xqcrage,2,1
excellent,2,3
bars,2,2
replay,2,2
sells,2,1
magnificent,2,2
media,2,3
cooking,2,3
suckers,2,2
patches,2,1
rhombus,2,1
controller,2,5
wassap,2,5
ksi,2,1
plebb,2,1
lads,2,3
diggin,2,1
tear,2,1
awwwwwwww,2,1
yaaaaaa,2,1
clouds,2,1
helllo,2,5
ky,2,2
screw,2,1
sleeve,2,2
dev,2,96
continues,2,1
peppers,2,9
tac,2,8
gauntlet,2,1
goodmorning,2,2
loveee,2,1
reck,2,1
roocry,2,2
brudda,2,4
jsut,2,2
widow,2,1
freed,2,2
antonio,2,1
plzz,2,1
messing,2,9
cucked,2,1
surgery,2,4
nutz,2,1
normally,2,3
sweats,2,1
bucket,2,1
saving,2,8
wolf,2,27
distract,2,2
partypopper,2,3
movement,2,2
image,2,3
chrome,2,1
sales,2,2
laws,2,3
attacks,2,4
alarm,2,1
yeaaaaah,2,1
yeeeeee,2,1
platform,2,1
iove,2,2
spring,2,2
issa,2,2
blackscreen,2,1
assume,2,1
lololol,2,2
cought,2,1
raining,2,2
tweets,2,1
farcry,2,1
impatient,2,3
fits,2,2
hiya,2,4
zoom,2,1
whuts,2,2
embrace,2,4
hostage,2,1
bunny,2,3
56,2,1
reeeeee,2,2
drake,2,44
whooooooo,2,1
cos,2,3
aaaa,2,1
pointing,2,2
spain,2,2
ot,2,2
cuming,2,30
bean,2,2
feetus,2,2
yeetus,2,3
llegue,2,1
locked,2,2
dunk,2,1
lion,2,3
homepage,2,1
patriots,2,4
considered,2,1
travis,2,44
pon,2,91
island,2,4
rifle,2,1
pepsi,2,1
theater,2,2
automatic,2,1
fuckity,2,1
subtrain,2,1
herro,2,4
value,2,1
permaban,2,1
yeaah,2,2
mail,2,1
subsss,2,1
boiled,2,1
booi,2,3
offense,2,2
loooove,2,1
explode,2,1
remake,2,1
wrists,2,1
grounded,2,1
dee,2,4
bruther,2,2
rs,2,1
appears,2,2
announcers,2,2
hiding,2,2
adventures,2,6
fights,2,2
inception,2,1
whiny,2,1
whip,2,3
anytime,2,2
consider,2,3
helle,2,1
wasssss,2,1
dawn,2,1
fucken,2,1
norway,2,4
joy,2,5
hs,2,2
moby,2,3
headphone,2,1
kisses,2,1
closet,2,2
arabs,2,2
boxes,2,1
david,2,3
hellooooo,2,1
sunglasses,2,1
worlds,2,4
scares,2,2
seemed,2,1
welp,2,3
costume,2,5
twats,2,2
circle,2,7
cords,2,1
pack,2,5
miranda,2,3
cache,2,1
china,2,2
monte,2,3
cray,2,3
psa,2,1
surprise,2,8
underwear,2,1
snot,2,1
aiming,2,4
puzzy,2,1
vikings,2,1
beam,2,4
stickers,2,1
sand,2,1
heroes,2,3
design,2,4
sarah,2,1
56k,2,2
melt,2,1
tge,2,1
source,2,1
patch,2,3
jason,2,29
dinosaur,2,1
lata,2,5
mam,2,1
friggin,2,4
heeeeey,2,1
fortllama,2,14
infinite,2,2
cutting,2,2
110,2,1
hidden,2,2
shed,2,7
armor,2,4
correctly,2,1
knights,2,3
prepare,2,6
100000,2,3
conspiracy,2,7
alliance,2,1
revolver,2,2
mystery,2,2
afk,2,1
ap,2,2
yeha,2,2
picks,2,2
robin,2,2
1060,2,1
walter,2,1
fighter,2,1
prison,2,4
rapper,2,14
coast,2,1
figured,2,5
bloom,2,1
james,2,2
fro,2,1
walked,2,5
loss,2,5
restarted,2,1
mechanic,2,1
notif,2,1
hahahah,2,3
spaghet,2,1
sandwich,2,4
rubbing,2,1
bush,2,2
travel,2,1
whether,2,5
rages,2,1
chatty,2,1
shotgun,2,12
shat,2,2
johnson,2,105
illuminati,2,1
touched,2,6
ash,2,10
boooi,2,1
neighbour,2,1
landing,2,2
favorites,2,1
mmo,2,1
molly,2,23
excuses,2,2
bomber,2,3
debt,2,1
created,2,4
records,2,1
heading,2,2
bill,2,3
elon,2,1
share,2,6
chose,2,3
horny,2,4
base,2,3
mondays,2,1
defend,2,3
shiny,2,10
friggen,2,1
awh,2,1
pretend,2,2
longer,2,3
misse,2,1
chest,2,7
fooling,2,1
clapping,2,1
hellz,2,2
panda,2,7
toys,2,1
catchy,2,1
nerdy,2,27
exclusive,2,2
schlong,2,1
continue,2,1
44,2,4
recognise,2,3
wai,2,1
drinks,2,4
gizmo,2,1
31,2,1
turret,2,1
wannabe,2,2
bruddah,2,1
bone,2,3
frozen,2,6
learning,2,1
requested,2,1
ignorant,2,1
tx,2,1
avicii,2,1
previous,2,3
judge,2,1
medicine,2,1
unlike,2,1
ideas,2,2
visit,2,3
trippin,2,2
pirate,2,4
officially,2,2
eggs,2,7
pyramids,2,2
hiiiii,2,1
rate,2,1
4th,2,6
np,2,1
helps,2,1
believed,2,1
mention,2,4
module,2,1
stone,2,7
nades,2,1
concerned,2,1
hunger,2,1
rping,2,1
6th,2,1
health,2,4
broh,2,1
alexa,2,3
nap,2,10
toy,2,1
hypes,2,1
prefer,2,4
rushed,2,3
posts,2,1
banks,2,1
spending,2,6
realistic,2,2
treatment,2,2
keemstar,2,4
viewership,2,1
cluster,2,5
wea,2,1
loook,2,2
davis,2,1
anthony,2,2
grinding,2,9
compare,2,1
gamertag,2,1
sweating,2,4
demons,2,1
tit,2,1
flipthis,2,2
sniped,2,2
virgins,2,5
spammin,2,2
poppa,2,1
accents,2,1
flys,2,1
dale,2,3
mercy,2,2
preorder,2,2
ct,2,1
yooooooooo,2,2
hewwo,2,1
tshirt,2,2
falls,2,3
waking,2,3
ages,2,2
amazed,2,1
readyyy,2,1
promoting,2,2
asap,2,2
blade,2,1
belly,2,1
eary,2,1
pistol,2,1
yoooooooo,2,2
botw,2,1
avenger,2,1
doctor,2,5
letsgo,2,3
yaall,2,4
hosting,2,2
purge,2,3
avatar,2,1
fired,2,1
doodle,2,1
basketball,2,1
everythings,2,2
babby,2,2
abt,2,1
oral,2,1
sam,2,215
quickly,2,6
opens,2,3
decisions,2,3
grenades,2,1
diet,2,2
cheer,2,3
texas,2,18
80k,2,5
announced,2,6
ogre,2,1
sucka,2,2
nina,2,2
pounds,2,1
universe,2,4
gained,2,2
1700,2,1
sally,2,2
pleaseee,1,1
loe,1,1
wrld,1,1
penta,1,1
brings,1,3
screenshot,1,1
wasssssup,1,1
duoing,1,1
herooo,1,1
spaghetti,1,2
backround,1,1
sully,1,1
diva,1,2
whoopsie,1,1
woopshey,1,1
parents,1,5
acknowledged,1,1
cheer10000,1,1
reverse,1,5
phoenix,1,2
forgotten,1,1
rot,1,1
41k,1,1
pole,1,1
exists,1,2
scan,1,4
gmorning,1,2
yeaahhh,1,1
conscience,1,1
boyssss,1,1
psycho,1,2
ratio,1,1
assassin,1,1
colors,1,1
teleport,1,2
cliff,1,3
ehh,1,1
emblem,1,1
roof,1,1
tiers,1,1
devices,1,1
necklace,1,7
yeees,1,1
tongue,1,1
warriors,1,3
thuis,1,1
squat,1,1
idle,1,4
comfy,1,1
ahahaha,1,1
uhhhhh,1,1
cursing,1,5
ogs,1,2
led,1,9
sip,1,1
scrims,1,1
chairs,1,3
crunchy,1,2
wisper,1,1
hairrrr,1,1
likeable,1,2
12am,1,2
tornado,1,2
twtich,1,1
heist,1,3
guyz,1,1
eatmy,1,1
hearts,1,3
member,1,1
cuh,1,1
misunderstood,1,1
spilled,1,2
wallet,1,2
tragic,1,1
omen,1,2
yeeeeeeeeeeet,1,1
bodied,1,1
ahhhh,1,5
entrance,1,3
embarrassing,1,1
hia,1,1
nobodys,1,3
valley,1,4
banner,1,2
otherwise,1,2
suggested,1,4
lair,1,2
thot,1,1
stood,1,2
adidas,1,1
clicks,1,3
gaypride,1,3
board,1,9
mem,1,1
gong,1,2
hardly,1,2
demands,1,1
101,1,1
sugar,1,3
awe,1,4
youuuuuuuu,1,2
wipes,1,1
battlenet,1,1
thething,1,2
komm,1,1
crawling,1,2
grove,1,1
kese,1,1
happiness,1,2
chappie,1,1
concert,1,2
pride,1,3
psp,1,1
alllll,1,1
trap,1,6
beginning,1,6
traps,1,3
innocent,1,2
skills,1,2
annie,1,3
lend,1,1
knowi,1,1
beeen,1,1
babyyyy,1,4
blacks,1,1
yeeeeeeeeee,1,1
owner,1,1
ohhhhhhhhhhh,1,1
inner,1,2
wtg,1,1
bedtime,1,1
yoooooooooooo,1,4
genius,1,3
tagged,1,1
havin,1,2
scammer,1,3
report,1,3
cupcake,1,1
omgg,1,1
slays,1,3
bes,1,1
roohappy,1,1
juega,1,3
moring,1,2
leaking,1,1
synced,1,1
wrf,1,1
casio,1,1
bedt,1,1
peeps,1,7
create,1,1
cans,1,1
extended,1,1
beverly,1,1
pg,1,6
massage,1,1
ahhhhh,1,3
texted,1,1
passion,1,3
yooooooooooooooo,1,1
skirmish,1,8
mmorpg,1,1
wazzzzz,1,2
ys,1,1
acc,1,1
frommm,1,1
fir,1,2
sees,1,10
52,1,1
nans,1,1
sins,1,1
firing,1,2
racing,1,2
lazer,1,1
eek,1,2
tee,1,2
fala,1,1
ditched,1,1
harddddd,1,1
rite,1,1
melee,1,1
diaper,1,3
lollipop,1,1
wasap,1,1
dickkk,1,1
firends,1,1
reach,1,3
mullet,1,1
papito,1,1
cutie,1,1
lurk,1,3
bobby,1,5
aboutta,1,1
nahui,1,1
mubarak,1,1
nott,1,23
sheeeet,1,1
tou,1,2
wolves,1,3
notify,1,1
nika,1,1
baned,1,1
cream,1,3
jesss,1,2
mat,1,2
brighten,1,1
yeaaaaaaaaaaaaa,1,1
stumbled,1,1
watts,1,1
freeeee,1,1
explaining,1,3
somehow,1,3
stones,1,5
harry,1,4
neymar,1,2
42k,1,2
triggers,1,1
53000,1,1
degrees,1,2
tales,1,1
shoots,1,4
aas,1,2
bothering,1,1
rips,1,1
sp,1,1
9a7ba,1,1
kindness,1,1
france,1,1
pit,1,12
knocked,1,6
broom,1,3
yooooooo,1,1
fl,1,1
tide,1,1
cooool,1,1
collection,1,1
powder,1,1
eminems,1,1
liveee,1,2
camper,1,1
millions,1,2
timezones,1,1
boiiis,1,2
stamina,1,2
columbia,1,1
clothing,1,1
amirite,1,2
bumped,1,1
holeeee,1,1
local,1,1
entries,1,1
broskie,1,1
rocking,1,4
seagull,1,1
desperate,1,3
tut,1,1
20th,1,1
aaaah,1,2
ayeeee,1,1
sop,1,1
maximum,1,1
ducky,1,1
navy,1,2
seals,1,1
forces,1,1
dawgg,1,1
yyeah,1,1
puck,1,1
arrives,1,5
present,1,1
esport,1,2
wakes,1,2
editing,1,1
5mins,1,1
pppp,1,1
adventure,1,14
capitalist,1,1
goals,1,3
mccree,1,1
wata,1,1
broskis,1,1
licking,1,1
tastes,1,4
modes,1,1
spells,1,3
claw,1,10
160k,1,2
sid,1,1
peed,1,2
helpful,1,2
junge,1,1
strimmer,1,3
elements,1,1
dedication,1,1
commitment,1,1
bitchs,1,2
horseeeee,1,1
awwwwwww,1,4
kiki,1,6
strikes,1,1
mennnn,1,1
east,1,7
iconic,1,2
maggots,1,1
appearing,1,1
enemy,1,3
critical,1,35
private,1,1
friendd,1,1
healing,1,3
mobility,1,1
nin,1,8
hoy,1,3
aaaaa,1,1
tripping,1,2
pervert,1,1
tycoon,1,2
upppp,1,1
parry,1,1
nature,1,2
split,1,2
crreamawk,1,2
yasss,1,1
clapped,1,4
trynna,1,1
unique,1,1
tsue,1,3
lawsuit,1,1
1500,1,1
candy,1,12
yeti,1,1
attacked,1,4
june,1,1
widepeeposad,1,3
vocals,1,1
joey,1,2
onward,1,1
returns,1,1
enters,1,5
stoked,1,7
deletions,1,2
bear,1,12
bous,1,1
whatd,1,4
notebook,1,2
festival,1,1
omens,1,1
marijuana,1,1
veins,1,1
rose,1,7
cheer600,1,1
yous,1,1
condolences,1,2
shades,1,1
preordered,1,3
askin,1,2
breathtaking,1,1
waitwhat,1,1
donuts,1,2
bite,1,6
speaker,1,1
gana,1,2
tingle,1,1
announcement,1,4
betch,1,1
reasons,1,3
express,1,1
departing,1,1
gear,1,3
saudi,1,1
arabian,1,1
unfollow,1,2
guyzzzz,1,1
turd,1,1
traitor,1,2
dork,1,2
related,1,1
princess,1,2
security,1,2
ratchet,1,1
nubs,1,2
sorta,1,3
lieing,1,2
smelt,1,1
narrate,1,2
outplayed,1,4
petition,1,1
chuck,1,3
whatz,1,2
himher,1,4
mentioning,1,1
emojis,1,1
jerm,1,1
ffa,1,1
including,1,3
stud,1,1
yeaaaaaaaa,1,1
gem,1,1
7pm,1,5
purpose,1,2
humid,1,1
placed,1,2
herr,1,1
requests,1,3
leading,1,2
supporters,1,1
proving,1,1
eagles,1,8
chicago,1,8
colorado,1,3
flawed,1,1
oprah,1,2
rediculous,1,1
happned,1,1
rubber,1,1
grats,1,3
redbull,1,6
tims,1,8
talker,1,1
matthew,1,3
swole,1,1
tl,1,1
training,1,1
gah,1,5
hoo,1,4
wouldve,1,2
incredibly,1,1
dating,1,1
inhuman,1,5
aims,1,1
spraying,1,1
greece,1,2
keller,1,1
closing,1,2
lawn,1,1
roster,1,1
playong,1,1
raiding,1,1
millenials,1,1
manz,1,1
8am,1,2
length,1,1
chaotic,1,2
bloody,1,10
shock,1,4
interested,1,5
powerful,1,2
seductive,1,2
babay,1,2
stored,1,1
73,1,2
mmorpgs,1,1
peeen,1,1
leaf,1,1
helped,1,11
meets,1,1
boooo,1,2
pointless,1,1
creeping,1,1
godbless,1,1
spooked,1,3
resident,1,1
competition,1,2
anywhere,1,5
notices,1,1
logitech,1,1
ahve,1,1
fuckkkkkk,1,1
ipad,1,5
yeaaaaa,1,1
daredevil,1,1
h3,1,1
drops,1,2
awsome,1,1
readers,1,1
likely,1,1
begins,1,2
staring,1,1
buoy,1,1
everone,1,2
admit,1,3
ayo,1,1
clenched,1,3
wasssssss,1,2
yoghurt,1,1
hbu,1,1
eyyyyy,1,1
positivity,1,1
cliffhanger,1,2
spic,1,1
khed,1,1
mob,1,1
eve,1,3
cash,1,6
huntington,1,1
rpg,1,50
stoke,1,1
edges,1,1
peice,1,2
scouts,1,1
hellow,1,5
hill,1,3
pacific,1,5
realised,1,3
sjws,1,2
ek,1,1
advantage,1,1
opportunity,1,1
wisconsin,1,1
lifeeee,1,1
sads,1,1
livestreaming,1,3
deciding,1,1
pepejam,1,5
dated,1,1
forntite,1,1
dide,1,4
johnsons,1,15
pieces,1,3
injection,1,1
classy,1,12
masters,1,1
heil,1,1
cross,1,3
indiana,1,1
moisty,1,2
yag,1,1
squadddd,1,2
cummm,1,1
eyebrows,1,2
ayyyye,1,1
owe,1,2
lovin,1,3
husband,1,2
spaming,1,1
apply,1,1
edgelord,1,1
dk,1,3
hooooo,1,1
oy,1,4
sums,1,1
backstage,1,2
ridiculous,1,6
education,1,2
dyin,1,1
emotions,1,2
hee,1,1
wag1,1,1
verse,1,1
rhymes,1,1
hitmarker,1,1
pasta,1,2
faces,1,2
gary,1,4
manic,1,1
wits,1,1
bts,1,1
burns,1,1
stem,1,3
woohoo,1,2
twist,1,4
null,1,1
homies,1,2
ladies,1,7
pews,1,1
forst,1,1
dresses,1,2
every1,1,1
killin,1,5
antenna,1,3
unsubs,1,1
models,1,2
mage,1,3
bueno,1,1
products,1,1
transactions,1,1
coconut,1,1
relatable,1,3
guuuuuud,1,1
kuy,1,1
djent,1,2
folks,1,11
weapons,1,1
familiar,1,1
analysis,1,1
throwing,1,4
fallen,1,2
tryin,1,3
fiend,1,4
festive,1,2
aqui,1,1
goofy,1,2
pew,1,5
log,1,11
skype,1,4
tougher,1,1
bottle,1,2
lasanga,1,1
cis,1,1
aaaaah,1,1
returned,1,1
summoned,1,2
juiced,1,1
whoa,1,2
ceezrage,1,7
agrees,1,2
nails,1,3
pupper,1,1
armour,1,1
scard,1,1
maaaaad,1,1
tn,1,2
regularly,1,1
threat,1,1
whatss,1,3
avenge,1,2
paycheck,1,1
thicccc,1,1
doomsday,1,1
mannnnnnn,1,2
bullied,1,1
recover,1,1
startled,1,1
horses,1,3
pen,1,3
yeesh,1,1
yiu,1,1
scrim,1,1
nutsack,1,1
corgiderp,1,1
fakes,1,1
lubing,1,2
clone,1,2
whaz,1,2
pigeons,1,2
trippie,1,1
wand,1,2
tactical,1,1
lack,1,2
data,1,3
specifically,1,1
natural,1,3
glow,1,2
shouts,1,1
brandon,1,1
gangster,1,2
ouuuu,1,1
km,1,1
grade,1,6
laughter,1,3
truths,1,1
harpies,1,1
whattt,1,3
pokpikachu,1,1
broder,1,1
soundtrack,1,1
hereee,1,1
uff,1,1
nonsense,1,2
scratching,1,2
ola,1,1
sacrifice,1,1
filter,1,1
bonding,1,1
broooooooooooo,1,1
godspeed,1,3
10am,1,1
drag,1,3
rea,1,1
agane,1,1
fw,1,1
thic,1,1
hats,1,1
worthy,1,1
covering,1,3
yeeeeeeeet,1,2
hailing,1,1
mountains,1,1
esketit,1,2
1min,1,2
assssss,1,1
leader,1,7
thoomin,1,2
sleeves,1,15
fellas,1,1
stiffy,1,1
headache,1,3
musical,1,1
lesgo,1,1
1v3,1,1
lov3,1,1
kittens,1,1
serve,1,1
jay,1,1
lub,1,2
zealand,1,1
strategy,1,1
cruising,1,1
stain,1,5
neat,1,2
resting,1,1
dio,1,1
mostly,1,5
roleplay,1,2
smacked,1,1
shoulder,1,3
sucker,1,1
thd,1,1
messaging,1,2
excitedd,1,2
review,1,2
taught,1,6
lmfaoooo,1,2
pulling,1,3
claim,1,1
dudeeeeee,1,1
broadcasting,1,1
pathfinder,1,2
cured,1,1
300k,1,2
94,1,1
recovery,1,1
diggity,1,2
supports,1,1
slapping,1,1
gott,1,1
104,1,1
tuning,1,1
dealing,1,4
frankie9_9,1,1
horry,1,1
whiskey,1,2
fossabot,1,1
edit,1,1
paly,1,1
library,1,3
autocorrect,1,3
hyperlul,1,5
variety,1,4
groot,1,1
earn,1,1
improv,1,2
cleaning,1,1
cameras,1,8
yeahs,1,1
karen,1,1
risk,1,3
thang,1,1
hardline,1,1
illusion,1,1
spoiled,1,2
chances,1,2
suffering,1,2
flashlight,1,1
successful,1,2
vampire,1,18
masquerade,1,12
thsi,1,2
gremlins,1,2
majestic,1,1
mental,1,2
burning,1,5
ongoing,1,2
wherever,1,3
blown,1,3
younger,1,1
quitting,1,3
loaded,1,2
subscriptions,1,1
trees,1,2
hyperclap,1,1
yesh,1,1
thatll,1,4
visuals,1,1
53,1,3
paradise,1,2
participating,1,1
slowly,1,1
reynolds,1,3
kay,1,1
derogatory,1,2
yeaaaaaaaaaaa,1,1
complains,1,1
49,1,1
marine,1,1
sentence,1,1
cersi,1,1
creative,1,2
breakfast,1,2
farley,1,1
seasons,1,1
disappointment,1,3
writers,1,1
pumping,1,3
bears,1,16
tower,1,7
actor,1,4
superman,1,5
finishes,1,1
dots,1,3
generated,1,1
sharing,1,3
polar,1,2
delaying,1,1
concept,1,1
wednesday,1,8
atl,1,1
finishing,1,7
72,1,1
ketchup,1,1
alien,1,2
interest,1,1
burned,1,4
youngest,1,1
faith,1,1
processed,1,1
bar,1,3
information,1,2
builder,1,2
upcoming,1,1
theo,1,1
potential,1,2
katana,1,2
doggies,1,1
potions,1,1
flies,1,2
stays,1,6
birch,1,1
render,1,3
plot,1,1
trigger,1,1
gordon,1,4
instructions,1,1
ffff,1,1
opponents,1,1
loses,1,31
broski,1,1
smiling,1,2
ooof,1,2
hollywood,1,2
cartoon,1,3
hye,1,1
revived,1,1
wise,1,5
riiiight,1,1
format,1,1
248,1,1
hump,1,3
bronze,1,2
represent,1,1
ghosts,1,1
specific,1,1
poison,1,1
amke,1,1
flipping,1,1
wave,1,2
clever,1,1
quebec,1,3
rocked,1,2
restaurant,1,1
field,1,3
walkers,1,5
laughs,1,1
coffe,1,2
yae,1,1
comics,1,7
addictive,1,2
booth,1,2
passive,1,1
browns,1,1
exposure,1,2
bs,1,4
streem,1,1
salesman,1,1
dump,1,9
sanchez,1,6
joining,1,1
splyce,1,1
88,1,3
packers,1,3
sorts,1,2
passionate,1,1
surveys,1,2
evidence,1,1
11k,1,2
butchered,1,1
2011,1,2
url,1,1
hw,1,1
glowing,1,1
geeks,1,2
letting,1,5
safety,1,1
booooooooy,1,1
wispered,1,1
9999,1,1
paladins,1,1
subway,1,1
showered,1,1
aspect,1,1
scars,1,2
holiday,1,4
tradition,1,1
lulwut,1,2
youtubers,1,1
stalling,1,19
coin,1,2
cappin,1,1
easter,1,1
huys,1,1
whose,1,2
depending,1,1
alcohol,1,1
complicated,1,3
equipment,1,3
shaky,1,1
rafa,1,1
rooc,1,1
ironic,1,1
jenga,1,3
lm,1,1
remind,1,4
stars,1,3
infront,1,2
cozy,1,1
denmark,1,2
freezing,1,6
certainly,1,1
anxiety,1,2
arrow,1,1
battles,1,1
ultimate,1,3
chip,1,3
pve,1,1
dingus,1,1
vest,1,3
fb,1,1
sheep,1,1
shady,1,3
handed,1,1
barry,1,2
dave,1,5
enuff,1,1
mechanical,1,1
display,1,1
1400,1,1
pays,1,2
conman,1,1
thousands,1,3
financial,1,1
ps3,1,1
pandas,1,2
perfectly,1,1
becomes,1,1
suckin,1,2
catacombs,1,1
jut,1,1
braces,1,1
scope,1,1
buffered,1,1
vieuwers,1,1
threaten,1,1
sports,1,1
rated,1,1
ragnar,1,1
march,1,3
gods,1,26
maine,1,1
shipped,1,1
slurp,1,1
elder,1,1
scrolls,1,1
ping,1,3
ubisoft,1,1
zeke,1,4
brooklyn,1,1
nearby,1,2
holidays,1,3
jar,1,2
nickname,1,1
iii,1,1
stretched,1,3
oiff,1,1
thursdays,1,2
tricks,1,3
fina,1,1
lly,1,1
dissapoint,1,1
yoi,1,1
engine,1,1
horn,1,3
vegeta,1,1
dummy,1,2
invis,1,1
nicely,1,2
kelly,1,2
snipes,1,2
accepting,1,1
replacement,1,2
territory,1,1
invaded,1,2
answered,1,1
bahaha,1,1
daaad,1,1
beauty,1,1
oooooooo,1,1
parties,1,1
transform,1,1
curious,1,5
naruto,1,2
invisible,1,2
packed,1,2
siiiiick,1,1
scottish,1,2
tarantino,1,3
bunker,1,1
shared,1,1
terrified,1,3
shattered,1,1
bandits,1,3
certain,1,3
144,1,2
stories,1,3
tokens,1,1
unboxing,1,1
helmet,1,8
bills,1,1
warn,1,3
loveme,1,1
shovel,1,1
virginia,1,1
sessions,1,2
holland,1,2
versus,1,1
lsd,1,1
booger,1,2
agreed,1,3
spongebob,1,1
spelling,1,1
mummy,1,3
underestimate,1,3
plate,1,2
file,1,1
separate,1,1
connected,1,3
omggg,1,2
scar,1,3
splode,1,1
boogie,1,1
crab,1,1
hoooo,1,1
jasper,1,106
botting,1,1
hunting,1,2
walls,1,3
shoutouts,1,1
hellllllllll,1,1
weh,1,1
tommorrow,1,1
wed,1,3
label,1,2
insanity,1,2
shoe,1,1
aware,1,1
letss,1,2
quarter,1,2
casserole,1,1
raffle,1,1
relate,1,2
phd,1,1
versed,1,1
respectful,1,1
rocky,1,1
wildcard,1,1
candles,1,3
pyramid,1,1
graviton,1,2
hunters,1,1
squares,1,1
cuteeeeee,1,1
melted,1,1
opposite,1,2
shapes,1,1
knuckles,1,2
quote,1,4
harsh,1,2
phrase,1,1
pickup,1,1
necessarily,1,1
speech,1,1
115,1,1
pokmon,1,1
whooping,1,2
pairs,1,2
woo,1,2
ggooooooooo,1,1
bravo,1,2
dnd,1,13
adorableness,1,1
jr,1,1
congratz,1,1
depends,1,3
npc,1,2
wurk,1,1
trick,1,1
tommy,1,3
nickmercs,1,6
theatre,1,1
bracket,1,1
four,1,8
wonderful,1,15
disappointed,1,3
thomas,1,4
iirc,1,2
animated,1,3
conversation,1,3
juan,1,1
jeans,1,2
flashy,1,1
gene,1,1
throught,1,1
adjust,1,1
freaked,1,2
dislike,1,2
dangerous,1,2
cannon,1,1
sailor,1,4
ouit,1,1
protec,1,1
cards,1,8
danthink,1,4
xcom,1,1
participate,1,1
themed,1,2
minimap,1,1
pins,1,1
entirely,1,1
hisher,1,1
sending,1,9
praying,1,1
orcs,1,2
godlike,1,1
kilt,1,1
cuuuute,1,4
panel,1,2
whipping,1,1
paypal,1,4
ib4,1,1
regardless,1,1
hurricanes,1,1
physical,1,1
plotting,1,1
sis,1,1
unfair,1,1
canal,1,3
dentist,1,1
duuuude,1,1
implying,1,1
path,1,3
yeeesss,1,1
theyd,1,4
aunt,1,3
elaborate,1,3
herman,1,1
miller,1,4
vortex,1,1
belt,1,2
boyyyyyyyyyyy,1,2
devils,1,1
peped,1,1
streaks,1,1
screwed,1,4
difficult,1,2
nervous,1,11
beforehand,1,1
duuuuuuude,1,1
considering,1,1
chosen,1,2
valks,1,1
parent,1,2
axe,1,2
dress,1,10
yeeeee,1,1
ghetto,1,1
sides,1,2
gothic,1,1
rising,1,2
military,1,2
larger,1,1
anarchy,1,1
exited,1,12
according,1,4
immune,1,1
mommy,1,1
rephrase,1,1
ends,1,4
sniffling,1,1
trips,1,3
dogshit,1,1
creating,1,3
epicccc,1,1
effects,1,3
tempted,1,1
tension,1,3
transitions,1,4
focus,1,7
freaks,1,1
bam,1,1
soz,1,1
blesss,1,1
owww,1,1
stare,1,1
peeee,1,1
furry,1,4
campus,1,1
allergy,1,1
genuine,1,2
success,1,3
jumps,1,1
wonna,1,1
tingling,1,1
ios,1,1
assuming,1,1
murderer,1,1
victim,1,1
sherlock,1,1
covers,1,1
brahhh,1,1
reeeeeeeee,1,1
popcorn,1,4
mouths,1,1
characters,1,14
curtains,1,1
99,1,5
tense,1,1
overly,1,2
driven,1,1
shitwe,1,1
cheesecake,1,1
loudest,1,1
drives,1,1
1998,1,1
undertaker,1,1
mankind,1,4
plummeted,1,1
julia,1,1
tend,1,1
hooked,1,2
beautifull,1,1
earssssss,1,1
popped,1,4
boiiiiiiiiii,1,1
ooooo,1,2
oofed,1,2
leather,1,1
advertise,1,2
litle,1,2
coins,1,7
swearing,1,19
gs,1,12
boooooy,1,3
boyzzz,1,1
woop,1,5
poleece,1,1
sandman,1,1
facts,1,1
plugged,1,2
degree,1,2
__,1,4
suc,1,2
bboi,1,1
lmk,1,1
irish,1,2
sponsers,1,1
scarf,1,2
creamy,1,1
request,1,3
fot,1,1
1600,1,1
sensitive,1,3
babys,1,1
sal,1,1
wooo,1,5
wukong,1,1
errbody,1,1
broda,1,3
british,1,1
zaddy,1,2
strean,1,1
tickled,1,2
iff,1,1
pleaaase,1,1
ira,1,1
glip,1,1
glops,1,1
saint,1,2
ware,1,1
soundcloud,1,1
shiiiiit,1,1
jiggy,1,1
imgay,1,1
bombs,1,1
amiright,1,1
explains,1,2
reward,1,1
truly,1,9
gpa,1,2
meth,1,2
posty,1,4
whomst,1,1
90k,1,2
skittles,1,5
choosing,1,1
uou,1,2
whipped,1,1
ayyyyy,1,1
exploded,1,1
rapping,1,2
busted,1,2
slim,1,1
watup,1,1
joyner,1,2
lucas,1,1
stared,1,2
85k,1,8
swatted,1,1
jheez,1,1
industry,1,1
5am,1,3
avoid,1,7
dedicated,1,3
nooooooooo,1,1
becasue,1,2
boyyyyyyyy,1,1
across,1,5
zones,1,2
moneys,1,3
hoky,1,3
jet,1,4
chatg,1,1
clipping,1,3
cho,1,1
ruuuuun,1,1
cringed,1,2
poly,1,1
acceptable,1,2
mitch,1,2
boots,1,3
roasting,1,3
meter,1,1
hyper,1,7
spike,1,3
backseat,1,1
heeeey,1,1
stalkers,1,1
supervisor,1,1
4mil,1,1
treat,1,3
sponge,1,1
passport,1,1
beneficial,1,1
39k,1,1
hover,1,1
vegas,1,5
commenting,1,2
flag,1,2
sleeep,1,1
lolololol,1,1
definitly,1,2
faka,1,1
lines,1,3
memory,1,7
reboot,1,2
brow,1,2
cal,1,2
orime,1,1
planning,1,2
memeing,1,1
comic,1,13
neighbors,1,3
heights,1,1
streammmm,1,1
stacys,1,1
pumps,1,3
birtday,1,1
littttttt,1,1
actionmanxvi,1,1
250,1,1
anyones,1,2
newbs,1,1
anyday,1,2
contry,1,1
tite,1,1
swarm,1,1
managing,1,1
yessssssss,1,1
broooooooo,1,1
daaaaad,1,1
whatttttttt,1,1
ayyyyyy,1,2
buffed,1,1
stinks,1,31
owh,1,1
destroyer,1,1
hu,1,1
gather,1,3
reds,1,1
flop,1,2
whtas,1,1
dagger,1,4
lif,1,1
diamonds,1,1
hypeeeee,1,1
whatchu,1,1
disaster,1,1
zerator,1,1
slick,1,1
lowest,1,2
boay,1,1
danger,1,2
newborn,1,1
drone,1,1
helooo,1,1
letters,1,3
buff,1,2
scholl,1,1
jared,1,1
rave,1,1
pajamas,1,1
voodoo,1,2
whayt,1,1
flavor,1,1
deadly,1,1
86k,1,2
twin,1,2
masturbation,1,1
dudeeeee,1,2
curses,1,1
addict,1,1
mann,1,1
shotguns,1,3
liquor,1,1
beers,1,1
lov,1,3
14th,1,2
stank,1,6
dey,1,1
whelp,1,1
crinja,1,5
strongly,1,1
parts,1,1
hiiiiiiii,1,1
lmo,1,2
ceez,1,3
prro,1,1
notifcation,1,2
charts,1,1
banna,1,1
silence,1,1
fries,1,1
milestone,1,2
areas,1,1
livingroom,1,1
switching,1,2
borg,1,1
tone,1,1
shet,1,1
thoes,1,1
basement,1,1
coat,1,5
noooooo,1,1
hopper,1,1
iu,1,2
drawing,1,11
concentrate,1,1
16k,1,2
daaddy,1,2
circles,1,1
cap,1,1
emergency,1,1
considers,1,1
snippers,1,1
resets,1,1
maaaaaaaaaaaan,1,1
snitch,1,1
lemon,1,1
sh,1,1
lvoe,1,3
raged,1,1
projection,1,1
sponsorship,1,2
amzing,1,1
suuuuck,1,1
violence,1,2
jennifer,1,2
cummies,1,1
rhythm,1,1
sike,1,2
chickens,1,1
bleep,1,3
personality,1,1
mums,1,1
recovered,1,2
hufflepuff,1,6
stab,1,4
26k,1,1
oph,1,1
ngl,1,3
loadout,1,1
hears,1,3
uneven,1,1
perth,1,1
confident,1,1
bene,1,1
shell,1,11
although,1,1
leadership,1,1
perhaps,1,1
lel,1,2
signature,1,2
relaxing,1,1
cringey,1,5
mines,1,2
brittany,1,1
cracks,1,2
hockey,1,2
stock,1,2
casted,1,2
wine,1,8
shampoo,1,1
mox,1,1
pauls,1,3
vlog,1,1
matching,1,1
ngga,1,1
ic,1,2
roleplaying,1,1
ueah,1,1
brodie,1,1
besides,1,4
kevlar,1,1
results,1,1
string,1,2
elephant,1,1
refreshing,1,5
murder,1,11
position,1,2
barrel,1,1
sticks,1,4
wizard,1,1
whas,1,3
verses,1,1
thug,1,1
prety,1,1
ledge,1,1
nashville,1,1
paragon,1,1
ua,1,1
nofication,1,1
phon,1,1
int,1,3
glitch,1,6
missin,1,1
recent,1,3
ontario,1,3
mature,1,2
shocked,1,3
cdn,1,5
dmg,1,3
ribs,1,1
kebab,1,1
idc,1,1
gir,1,1
buf,1,1
partied,1,1
82,1,3
drum,1,5
dps,1,2
arts,1,7
eaaars,1,1
follows,1,1
blank,1,3
fyi,1,1
worker,1,2
stumble,1,1
5min,1,2
confirmation,1,1
donating,1,4
lawl,1,1
binary,1,1
direction,1,2
eaten,1,1
wore,1,2
cape,1,2
chattin,1,1
spoken,1,4
chills,1,2
agian,1,1
homework,1,3
pledge,1,1
cowbell,1,1
loove,1,1
justice,1,3
lower,1,4
espaol,1,2
michigan,1,4
faking,1,1
shirtless,1,1
hundred,1,1
endless,1,1
vibes,1,4
awards,1,1
thatd,1,3
pedos,1,1
towel,1,1
cleaner,1,1
wicked,1,2
powah,1,2
olympus,1,1
leaves,1,1
fuckbois,1,1
soooooooo,1,1
jist,1,2
wen,1,1
simply,1,1
libre,1,1
doign,1,1
cleared,1,1
interfaces,1,1
booga,1,1
whomever,1,1
skirt,1,2
replied,1,4
yeeeeeeet,1,4
dissapointed,1,1
hammer,1,2
disturbing,1,1
ayyyyyyy,1,1
failing,1,1
adult,1,4
freezes,1,1
failure,1,1
carefull,1,1
unfollowed,1,1
hungover,1,3
badly,1,4
illenium,1,1
shortly,1,1
duds,1,1
guaranteed,1,1
booy,1,2
wrap,1,5
faaaast,1,1
talent,1,7
bouy,1,1
plis,1,1
exploding,1,2
boyos,1,3
villain,1,4
output,1,1
thrash,1,1
overall,1,1
miserable,1,2
rider,1,4
aand,1,1
vaulting,1,1
mustaches,1,1
impression,1,2
remixed,1,1
teet,1,1
scott,1,3
bru,1,1
75k,1,2
randoms,1,3
holyy,1,1
blink,1,2
carlsmile,1,1
iit,1,1
fills,1,1
